CUSTOMER_ID,ORDER_NUMBER,MATERIAL_NUMBER
0,9,3756
0,9,314
0,9,491
2,4,147
2,4,2086
2,4,2328
2,4,2339
3,3,976
5,5,250
6,5,74
6,5,2297
6,5,2996
6,5,2328
6,5,2339
6,5,1489
7,3,155
8,4,158
8,4,5584
8,4,2214
9,5,234
9,5,1342
9,5,17669
9,5,73
11,3,271
11,3,897
11,3,3024
11,3,2219
11,3,17767
11,3,23
11,3,870
12,5,6
12,5,6730
12,5,14283
12,5,17612
12,5,804
12,5,416
13,6,1489
15,9,498
16,3,117
16,3,1034
18,5,21
19,7,9260
19,7,836
19,7,74
19,7,1422
19,7,1778
19,7,2030
19,7,5800
19,7,189
19,7,515
19,7,1303
20,11,491
20,11,1607
20,11,2151
20,11,9694
20,11,17664
20,11,7654
20,11,601
20,11,23076
20,11,1450
20,11,420
20,11,233
20,11,1546
20,11,893
20,11,2380
20,11,3268
20,11,1081
20,11,11
21,3,1141
21,3,61
21,3,17695
22,5,578
22,5,17672
23,3,1558
23,3,477
23,3,2740
23,3,1204
24,3,19017
26,8,22586
26,8,5326
28,16,11123
28,16,3166
29,3,8
29,3,1397
29,3,26
29,3,16
29,3,250
29,3,253
29,3,199
29,3,232
29,3,261
29,3,1369
29,3,1360
29,3,1455
29,3,412
29,3,862
29,3,1717
29,3,184
29,3,819
30,6,8219
30,6,46
30,6,5430
30,6,45
31,10,2220
32,6,2055
39,3,468
40,4,7557
40,4,415
40,4,21554
41,4,236
41,4,271
41,4,2116
41,4,26
41,4,16
41,4,6746
41,4,1512
41,4,17703
41,4,1150
41,4,5716
41,4,2878
41,4,863
41,4,862
41,4,468
41,4,175
41,4,17775
41,4,1820
41,4,1407
43,3,1656
43,3,12899
43,3,2269
45,3,260
45,3,46
45,3,37
45,3,131
45,3,468
45,3,175
47,7,66
48,8,10
48,8,1404
48,8,67
50,3,2037
52,3,3124
52,3,74
52,3,94
52,3,662
52,3,59
53,4,22270
53,4,2450
53,4,4204
53,4,1343
54,4,487
54,4,94
54,4,1558
55,7,336
55,7,954
55,7,6379
56,5,19384
56,5,18730
58,4,1489
59,15,5345
59,15,1793
59,15,73
59,15,74
59,15,142
64,4,4294
64,4,2493
64,4,596
64,4,7861
64,4,5638
64,4,440
64,4,4996
66,3,2118
66,3,131
69,4,300
69,4,2374
69,4,1411
69,4,1321
70,5,2041
71,3,15439
71,3,6823
71,3,50
71,3,242
72,6,1038
72,6,8258
72,6,22958
72,6,1178
72,6,2535
72,6,6716
72,6,3671
72,6,8220
72,6,2220
72,6,2290
72,6,5430
75,3,3019
75,3,856
75,3,2936
75,3,15333
79,4,51
80,6,4194
80,6,5056
81,3,256
82,3,4941
82,3,4939
84,4,139
84,4,19017
84,4,34
84,4,141
84,4,184
85,3,477
86,13,3288
88,3,169
88,3,26
88,3,16
88,3,5
88,3,22
88,3,56
88,3,472
88,3,1121
88,3,257
88,3,21
88,3,45
89,3,155
89,3,6730
90,16,19712
91,15,234
92,3,6
93,3,3938
94,15,51
94,15,153
95,14,7797
95,14,1442
95,14,7013
95,14,260
97,6,1786
97,6,8047
97,6,2076
97,6,61
97,6,855
97,6,4290
97,6,1298
97,6,475
97,6,713
98,5,503
100,6,155
100,6,153
101,3,3219
103,4,73
104,5,417
104,5,16889
105,3,359
105,3,697
105,3,1411
105,3,1489
107,4,15134
108,6,2174
108,6,3816
109,3,22548
110,4,3201
111,3,6
111,3,67
111,3,61
111,3,131
111,3,416
111,3,10
111,3,193
115,4,897
115,4,65
115,4,811
116,6,119
119,3,174
120,3,2740
121,4,234
121,4,7810
121,4,87
121,4,417
121,4,16889
121,4,2382
121,4,1007
121,4,2086
121,4,19935
121,4,119
125,7,2220
127,13,3128
129,3,142
129,3,659
129,3,2220
129,3,66
129,3,403
129,3,64
131,4,4294
131,4,9260
131,4,73
131,4,1027
131,4,749
131,4,1422
131,4,1778
131,4,515
131,4,1303
134,3,17669
134,3,1041
134,3,2086
135,6,5
136,3,81
136,3,3
136,3,846
136,3,990
136,3,142
136,3,1626
136,3,22
136,3,21
136,3,2800
136,3,203
138,3,8
138,3,117
138,3,5537
139,6,4294
139,6,250
139,6,1027
139,6,5573
139,6,2030
139,6,643
139,6,232
141,3,530
141,3,10
142,3,17590
142,3,487
142,3,17551
142,3,333
142,3,5537
143,6,16
143,6,141
144,4,608
144,4,5377
144,4,534
144,4,2546
145,3,17588
145,3,931
146,16,1422
147,7,408
148,25,5997
148,25,13932
149,5,88
150,18,13932
151,21,1544
151,21,13982
152,6,0
152,6,195
154,3,17555
154,3,260
154,3,415
155,19,117
156,22,5532
157,4,47
158,27,1422
159,10,6
159,10,299
161,8,2206
162,14,4015
162,14,75
162,14,1196
162,14,13724
162,14,61
162,14,11747
162,14,12224
162,14,4283
164,3,931
164,3,117
165,3,931
166,23,1544
167,6,349
169,9,5031
170,3,47
171,5,253
171,5,232
175,3,203
176,9,583
177,4,17593
177,4,19
180,4,20953
180,4,705
180,4,20959
180,4,87
180,4,3192
180,4,20958
180,4,836
180,4,74
183,6,160
184,12,74
184,12,73
184,12,23482
184,12,19999
184,12,21396
184,12,181
185,4,5105
187,3,841
188,7,81
188,7,6
188,7,396
188,7,354
188,7,18740
188,7,2034
188,7,19040
188,7,2552
188,7,18795
188,7,18705
188,7,40
188,7,18766
189,15,2724
190,20,38
191,6,17672
191,6,73
191,6,6730
192,3,4505
192,3,1767
193,6,5491
194,4,10
195,3,6035
197,4,5256
197,4,172
197,4,1450
198,9,19511
198,9,15824
198,9,21554
199,3,6413
199,3,1773
199,3,155
199,3,6
199,3,47
199,3,74
199,3,173
199,3,2958
199,3,781
199,3,16517
199,3,4316
199,3,5610
199,3,410
199,3,21
199,3,45
199,3,416
199,3,2051
199,3,18612
202,4,3315
203,5,58
204,11,6755
204,11,14
205,4,2115
205,4,4369
208,3,160
210,5,503
210,5,160
211,7,503
212,7,452
218,14,3896
222,4,503
223,4,160
223,4,503
223,4,2136
224,13,503
228,4,17960
229,10,628
229,10,21933
229,10,2549
229,10,18410
229,10,23128
230,5,452
231,4,19559
237,15,3464
239,4,13246
240,3,2724
241,5,192
241,5,2220
242,4,18005
242,4,1439
243,5,452
245,6,8
245,6,232
245,6,138
245,6,2198
245,6,2797
245,6,16190
245,6,18635
245,6,1788
247,7,17605
248,7,1027
248,7,749
248,7,1422
249,9,18002
251,4,18003
252,3,4452
252,3,18003
253,6,17681
253,6,659
253,6,244
253,6,830
253,6,66
255,5,43
259,3,43
260,3,4481
263,4,1436
264,5,15830
265,3,1196
266,3,667
270,4,18006
276,7,43
277,23,14734
277,23,6853
277,23,4
278,6,1174
282,10,67
283,4,2930
283,4,3082
283,4,528
283,4,18631
283,4,29
283,4,929
283,4,664
283,4,2187
284,9,4452
285,6,256
285,6,67
285,6,173
287,5,31
288,3,246
288,3,155
288,3,2958
288,3,18012
290,7,34
290,7,288
290,7,253
291,5,59
291,5,2
295,3,802
297,6,9
298,8,19
298,8,9
301,7,43
305,5,19
305,5,2172
305,5,2098
306,10,27
306,10,561
306,10,77
306,10,17879
307,17,3896
308,11,18000
310,9,452
310,9,16056
312,5,1544
312,5,61
313,3,1174
317,14,21554
318,4,17992
319,6,816
319,6,1233
319,6,22252
319,6,862
320,3,1436
323,4,705
323,4,836
323,4,74
324,5,452
326,8,185
327,28,100
331,3,18021
331,3,2207
331,3,17971
331,3,17974
331,3,454
331,3,17006
331,3,6204
332,5,2502
333,6,144
336,5,452
338,5,6641
338,5,3442
338,5,6
339,10,16335
339,10,809
339,10,18313
339,10,416
339,10,77
341,3,6057
342,8,2
343,5,3940
343,5,16537
344,7,214
344,7,3287
344,7,1155
346,4,359
346,4,6086
347,4,4294
347,4,155
347,4,113
347,4,73
348,4,659
349,5,6035
350,4,455
351,3,998
352,11,3287
355,14,142
356,3,94
358,4,6605
359,5,18006
365,5,192
366,3,2740
369,4,1439
371,4,59
371,4,338
371,4,657
372,5,17976
372,5,2870
373,8,341
374,12,17196
375,6,1555
375,6,3596
376,3,27
377,9,1174
379,4,62
383,4,32
384,8,394
384,8,161
386,3,15264
386,3,39
386,3,2790
386,3,302
386,3,412
386,3,15525
386,3,15405
386,3,77
388,4,6119
388,4,897
389,8,19205
390,3,897
390,3,0
392,7,184
393,4,155
394,3,1498
396,10,3012
398,6,7091
398,6,326
398,6,19112
398,6,3295
398,6,1602
398,6,7092
399,5,18749
400,14,705
401,5,452
402,3,359
402,3,954
402,3,662
403,10,197
404,3,6838
404,3,6174
404,3,36
404,3,6504
405,8,18975
405,8,768
405,8,42
405,8,650
406,3,9542
406,3,22601
406,3,8769
406,3,19733
406,3,2083
406,3,1881
406,3,301
406,3,9538
406,3,8763
406,3,673
407,18,14734
407,18,20361
408,4,954
408,4,4608
408,4,1599
408,4,203
410,3,18566
411,5,59
413,3,2207
413,3,18058
415,10,18673
415,10,15478
417,12,9
417,12,27
418,6,184
419,10,6853
422,5,2136
422,5,17960
424,6,18888
424,6,1312
425,12,353
425,12,42
426,5,47
428,14,18
429,3,6807
430,7,5597
430,7,5598
430,7,713
431,4,359
431,4,46
432,5,416
432,5,6035
433,5,17962
437,8,234
442,9,5814
446,4,312
447,11,1176
448,6,272
449,7,416
450,16,18940
451,11,354
452,9,6
452,9,19195
452,9,6086
453,13,1575
454,10,153
456,3,6600
456,3,250
456,3,253
456,3,19653
456,3,5487
456,3,643
456,3,2403
456,3,804
456,3,1643
456,3,1721
456,3,19654
456,3,6981
456,3,198
458,3,6
460,5,18752
460,5,94
460,5,16
460,5,768
461,9,334
462,18,19211
462,18,6452
463,8,153
463,8,17332
464,14,341
465,5,17808
466,12,3827
467,5,6233
470,4,19000
470,4,140
470,4,583
470,4,2526
470,4,2527
470,4,276
470,4,19001
471,13,897
475,9,452
476,5,18109
477,5,2740
478,4,193
479,11,19211
479,11,6452
479,11,468
480,21,659
481,3,272
481,3,367
482,6,142
482,6,64
482,6,18972
483,10,6
484,7,46
485,4,223
486,5,18940
486,5,359
486,5,18752
487,7,155
488,5,14953
489,4,6119
489,4,46
490,6,290
490,6,6244
492,3,177
493,5,359
494,19,19060
494,19,6452
495,3,277
495,3,328
496,7,46
497,9,15999
498,3,15999
499,11,14953
499,11,16766
500,3,22139
500,3,193
501,12,161
502,5,1609
502,5,19205
502,5,272
502,5,2610
504,3,380
504,3,42
504,3,19028
504,3,2024
504,3,184
505,5,717
505,5,412
505,5,2052
505,5,862
505,5,64
508,4,32
509,4,234
510,4,2740
511,6,6
512,4,14734
512,4,1235
512,4,5575
512,4,193
513,5,13
513,5,16
514,5,9542
515,5,193
515,5,161
515,5,27
516,3,4989
516,3,94
516,3,22642
516,3,32
516,3,515
517,8,193
518,4,1705
519,4,94
520,7,9
520,7,311
521,3,6086
522,3,6086
523,3,234
523,3,18972
524,5,234
525,7,64
528,13,234
530,7,535
531,8,94
532,4,142
533,3,67
534,15,2029
534,15,174
534,15,2772
534,15,6236
534,15,659
534,15,9581
534,15,387
534,15,2841
534,15,428
534,15,436
534,15,713
535,8,897
535,8,161
535,8,15999
536,5,6086
537,5,142
537,5,15999
538,4,46
541,8,183
541,8,22
541,8,1539
542,3,1333
543,8,2149
544,11,272
545,14,6873
546,17,139
550,7,46
551,7,6086
552,15,19218
553,4,94
554,7,6086
554,7,14734
555,11,6537
555,11,15905
556,3,897
556,3,662
556,3,66
557,9,15999
558,3,19205
559,4,16950
559,4,2004
561,5,4031
562,3,2011
563,13,66
564,11,64
565,4,142
567,8,14953
567,8,628
567,8,2740
567,8,290
567,8,6244
567,8,118
570,3,6110
570,3,94
571,9,628
572,3,18972
573,5,759
573,5,175
574,3,751
574,3,15415
574,3,15527
574,3,15484
574,3,10
576,3,234
577,4,234
579,3,290
579,3,6244
579,3,32
579,3,18972
579,3,64
579,3,174
581,5,64
582,3,312
582,3,32
585,3,6968
585,3,6719
585,3,240
585,3,6506
585,3,19
585,3,312
585,3,19501
585,3,930
585,3,19500
585,3,15264
585,3,652
585,3,67
585,3,173
585,3,6773
585,3,589
585,3,534
585,3,16396
585,3,6964
585,3,22
585,3,15065
585,3,1905
585,3,1890
585,3,2738
585,3,16687
585,3,293
585,3,10
585,3,458
585,3,166
585,3,27
585,3,1070
586,8,9158
587,8,272
590,4,5575
590,4,193
591,4,990
591,4,400
591,4,203
592,5,2191
593,3,94
593,3,64
594,4,607
594,4,6
594,4,349
594,4,333
595,4,58
595,4,289
595,4,5711
597,6,338
597,6,1075
599,6,18940
599,6,1735
599,6,15999
603,5,18940
603,5,768
604,9,175
605,6,18991
605,6,9158
605,6,9805
605,6,144
605,6,454
605,6,5711
606,3,5711
607,10,1235
608,4,2740
610,5,18972
611,7,2165
611,7,13
614,3,8
617,5,9
618,8,193
620,3,94
620,3,1075
622,3,184
622,3,34
622,3,139
622,3,141
624,3,804
624,3,14924
624,3,299
627,8,5091
628,16,6641
629,7,10
629,7,203
630,7,19258
630,7,9542
631,4,6086
634,3,144
635,8,174
635,8,75
635,8,1137
635,8,733
636,6,359
636,6,18940
637,6,51
639,7,43
640,7,1998
641,6,1539
642,5,272
643,3,2740
644,4,2740
646,5,5759
647,3,145
647,3,9
649,9,2098
651,5,659
653,5,271
653,5,2456
653,5,335
654,3,81
654,3,2000
654,3,2953
654,3,795
654,3,21581
654,3,16517
654,3,253
654,3,232
654,3,1835
654,3,89
654,3,6873
654,3,763
654,3,15325
654,3,20065
654,3,18635
654,3,483
654,3,664
654,3,420
654,3,27
654,3,424
654,3,11
655,6,43
656,7,8
657,14,16300
658,9,193
659,3,2740
662,5,18557
663,11,63
663,11,148
663,11,4271
663,11,2468
663,11,1584
663,11,18643
663,11,328
663,11,15054
663,11,15154
663,11,19002
663,11,2782
663,11,6272
663,11,12939
663,11,15552
663,11,6191
663,11,2056
666,4,18558
668,4,2740
669,8,2152
669,8,155
669,8,73
669,8,1041
669,8,531
669,8,1966
669,8,59
669,8,64
671,5,412
672,3,477
673,3,256
673,3,6730
673,3,173
673,3,2118
673,3,811
676,6,129
677,7,16050
677,7,18313
677,7,18320
677,7,14768
678,6,354
679,4,2740
680,6,628
684,5,19327
685,10,13
685,10,17240
686,11,6135
687,15,2148
688,4,145
688,4,203
689,6,522
689,6,2899
689,6,3492
690,4,4121
691,3,2588
691,3,6210
691,3,692
691,3,1196
691,3,19950
691,3,2908
691,3,574
691,3,19951
691,3,19943
691,3,22643
691,3,19939
691,3,19938
691,3,32
691,3,19449
691,3,19961
691,3,6774
691,3,3315
691,3,159
691,3,19450
691,3,19448
691,3,119
692,11,380
692,11,18940
692,11,897
692,11,326
692,11,6119
692,11,341
692,11,204
692,11,768
692,11,19211
695,3,2740
696,4,2740
697,5,367
697,5,2740
698,4,183
699,4,2740
700,3,2740
701,3,2740
702,3,2740
703,6,2740
704,4,4121
705,5,367
705,5,4121
706,3,18558
706,3,2740
707,4,2740
708,3,2740
709,4,2318
710,4,2740
711,4,2740
712,4,2740
714,5,5761
716,4,18581
716,4,2740
721,3,2740
721,3,5759
722,4,367
723,3,1591
723,3,2549
723,3,2740
724,5,1839
725,4,2740
727,3,2237
727,3,367
729,3,2237
729,3,18583
733,4,2740
734,3,367
735,3,2740
736,5,2309
737,3,2740
739,5,18555
740,6,183
741,13,13
742,4,94
742,4,17681
744,7,17198
744,7,2098
745,12,18003
746,6,18583
748,5,196
749,9,20
749,9,274
749,9,19000
749,9,15575
749,9,221
749,9,115
749,9,1011
751,3,2740
751,3,18555
753,4,18558
754,5,9
754,5,288
755,5,3
755,5,807
756,19,3723
757,3,6119
757,3,81
757,3,380
757,3,1998
757,3,2507
757,3,271
757,3,897
757,3,1615
757,3,359
757,3,6
757,3,18619
757,3,16300
757,3,16149
757,3,552
757,3,94
757,3,142
757,3,51
757,3,153
757,3,16
757,3,367
757,3,1
757,3,6853
757,3,262
757,3,1252
757,3,6263
757,3,4
757,3,161
757,3,6873
757,3,18295
757,3,15225
757,3,18280
757,3,15707
757,3,365
757,3,14741
757,3,19215
757,3,15918
757,3,335
757,3,186
757,3,10
757,3,18296
757,3,1307
757,3,18297
757,3,1181
757,3,1831
757,3,768
757,3,184
757,3,118
757,3,27
759,3,246
759,3,4084
759,3,3
759,3,87
759,3,6210
759,3,8094
759,3,1732
759,3,75
759,3,314
759,3,692
759,3,1786
759,3,909
759,3,858
759,3,250
759,3,2240
759,3,8033
759,3,61
759,3,8036
759,3,5976
759,3,3437
759,3,427
759,3,576
759,3,1175
759,3,1287
759,3,2086
759,3,8031
759,3,8032
759,3,18
759,3,495
759,3,107
759,3,7494
759,3,3682
760,5,170
760,5,77
760,5,5295
762,4,2740
763,3,2740
765,5,156
766,3,2740
767,3,2740
768,3,192
768,3,419
768,3,22
768,3,544
768,3,424
771,4,18168
772,8,20087
772,8,23617
772,8,19804
772,8,20124
773,3,872
773,3,6154
774,10,234
774,10,73
775,4,2740
776,4,2740
778,5,18583
780,3,4121
780,3,2740
781,4,2740
782,3,2740
783,5,5
783,5,3370
784,8,705
786,9,21761
788,10,155
788,10,1793
788,10,357
788,10,147
788,10,51
788,10,32
788,10,7775
788,10,1175
788,10,416
789,4,183
789,4,1539
789,4,2740
790,5,183
790,5,628
792,23,659
792,23,106
792,23,14428
792,23,14429
792,23,554
792,23,1771
792,23,190
793,3,18563
793,3,18581
793,3,18584
793,3,5761
793,3,2740
794,4,18555
795,8,1101
795,8,124
795,8,901
795,8,9116
795,8,77
795,8,118
796,5,183
796,5,1539
799,11,14761
799,11,19808
799,11,5320
800,8,15431
801,7,1850
802,3,15427
802,3,15402
802,3,15405
803,10,84
803,10,135
804,3,158
804,3,2056
805,5,6940
805,5,15813
806,3,477
807,4,15352
807,4,15415
807,4,349
807,4,15405
810,3,6940
810,3,10
810,3,15405
810,3,77
811,4,2905
813,6,142
814,10,1609
815,5,14734
817,17,4
817,17,398
818,3,6
819,6,22
819,6,5759
819,6,18564
820,3,15391
820,3,6876
821,3,2740
822,5,32
822,5,2797
822,5,6703
823,5,10
826,3,2740
828,3,2740
830,7,3938
830,7,65
830,7,16446
831,4,46
831,4,77
832,5,15427
832,5,67
832,5,15405
833,5,155
833,5,14985
833,5,10
833,5,77
834,4,18249
835,3,195
836,4,412
839,12,21100
841,4,101
841,4,36
841,4,1773
841,4,22264
842,3,357
843,3,561
843,3,177
844,14,2695
845,7,15602
846,3,587
846,3,3152
846,3,6589
848,6,19655
849,5,238
850,3,2740
852,4,18558
852,4,4121
852,4,2740
855,9,1887
858,4,15057
858,4,6876
859,6,3401
859,6,578
859,6,1615
859,6,15846
859,6,6537
859,6,18752
859,6,18619
859,6,16300
859,6,16149
859,6,94
859,6,19204
859,6,153
859,6,1575
859,6,344
859,6,3167
859,6,1252
859,6,535
859,6,22139
859,6,58
859,6,6794
859,6,6749
859,6,19122
859,6,1064
859,6,16754
859,6,19215
859,6,33
859,6,186
859,6,18296
859,6,296
859,6,294
859,6,19566
859,6,1181
859,6,768
859,6,490
859,6,27
860,3,3112
860,3,117
861,4,15402
861,4,10
862,4,15528
862,4,32
863,7,6452
864,4,6706
867,4,18399
867,4,670
867,4,10
867,4,14822
867,4,15331
869,3,4204
869,3,39
870,7,18313
872,3,15503
872,3,67
874,6,359
874,6,14734
875,9,15262
876,4,1539
877,7,830
878,5,15749
879,9,238
880,6,15
880,6,366
880,6,15688
880,6,195
880,6,398
880,6,141
881,3,18619
881,3,14734
882,4,195
883,3,16955
884,3,18940
884,3,19205
884,3,142
884,3,51
884,3,6794
887,4,19
887,4,16
887,4,46
887,4,2627
887,4,10
888,3,6841
888,3,15402
889,3,15352
889,3,312
889,3,6536
889,3,16
889,3,46
889,3,15402
889,3,131
889,3,77
890,3,15264
890,3,6964
890,3,647
890,3,15405
890,3,6097
890,3,27
891,7,1111
891,7,19349
891,7,23499
891,7,23582
891,7,1082
891,7,20323
891,7,449
891,7,23244
891,7,127
891,7,4858
892,3,67
892,3,14985
892,3,667
893,4,21295
893,4,18483
894,5,5851
897,19,20108
898,4,6590
898,4,6841
898,4,15308
898,4,15419
898,4,2348
898,4,490
899,3,398
899,3,1495
900,4,548
900,4,384
901,5,384
901,5,963
902,6,60
902,6,742
902,6,387
902,6,383
902,6,398
902,6,1832
902,6,15743
902,6,6753
902,6,1795
902,6,15789
902,6,2705
903,13,7904
905,3,39
906,4,429
907,10,1
908,9,1767
908,9,5414
909,7,1575
909,7,46
912,5,119
913,3,100
913,3,690
913,3,1952
913,3,17551
913,3,149
913,3,42
913,3,908
913,3,19390
913,3,19389
913,3,18396
913,3,288
913,3,184
914,17,636
915,10,47
915,10,15296
916,3,6853
917,6,270
918,4,15107
918,4,50
919,11,73
920,9,238
920,9,2019
922,3,142
923,4,1181
924,4,5610
925,7,155
926,6,19631
926,6,21638
926,6,198
927,12,61
928,5,14918
929,8,62
932,3,67
932,3,5610
933,3,62
934,4,2047
935,6,897
935,6,142
936,9,163
937,3,16573
938,4,673
938,4,195
939,3,193
941,3,1615
942,3,1904
943,5,142
943,5,6086
946,3,14939
946,3,14918
947,4,778
948,14,14904
949,6,4352
951,4,15187
953,5,616
956,6,67
957,3,131
958,3,14950
959,3,616
960,4,32
961,3,6119
961,3,16
961,3,46
961,3,9
962,3,359
962,3,142
963,3,1235
963,3,193
964,4,18940
965,4,15454
965,4,15439
965,4,15440
965,4,15441
965,4,15500
966,3,94
967,8,16926
969,6,15975
971,4,2868
972,4,384
974,7,778
976,4,416
977,6,342
977,6,394
978,4,190
980,7,232
981,3,193
982,12,335
984,6,94
985,6,354
985,6,193
986,13,69
986,13,20761
986,13,324
986,13,968
986,13,1219
986,13,640
987,3,4079
987,3,14904
987,3,14905
988,3,14918
989,5,58
992,5,3869
996,5,14782
999,8,31
999,8,15055
1000,7,14769
1000,7,14782
1000,7,14932
1001,8,3090
1001,8,5261
1002,9,5638
1003,8,1
1004,3,14909
1005,9,4
1006,6,1998
1006,6,15726
1006,6,67
1006,6,15067
1007,3,185
1008,7,16932
1009,3,3770
1009,3,235
1011,5,3994
1011,5,103
1012,8,235
1014,3,457
1016,5,197
1019,5,106
1019,5,235
1019,5,127
1020,4,19
1020,4,5938
1020,4,2660
1020,4,791
1020,4,189
1021,4,3770
1022,3,235
1025,6,6119
1025,6,2507
1025,6,2500
1026,3,16109
1026,3,21395
1026,3,5320
1026,3,5488
1026,3,609
1026,3,1556
1026,3,5414
1028,9,16707
1028,9,74
1028,9,67
1028,9,32
1029,6,897
1030,4,1094
1031,3,2014
1031,3,184
1032,3,16540
1034,5,142
1037,3,369
1038,9,1854
1038,9,475
1039,3,1998
1039,3,61
1040,7,3395
1040,7,21132
1040,7,20854
1040,7,351
1040,7,627
1040,7,862
1040,7,447
1041,3,15482
1041,3,1998
1041,3,5757
1041,3,14915
1041,3,15415
1041,3,74
1041,3,652
1041,3,14934
1041,3,145
1041,3,6844
1041,3,6902
1041,3,3094
1041,3,1272
1041,3,2738
1041,3,15404
1043,8,1498
1043,8,5390
1044,4,67
1044,4,653
1044,4,86
1044,4,1941
1044,4,15426
1044,4,14826
1045,4,803
1045,4,173
1046,3,10
1047,3,312
1047,3,15415
1049,12,2392
1049,12,20024
1050,3,897
1052,4,155
1052,4,23719
1052,4,23720
1052,4,428
1052,4,1287
1052,4,656
1052,4,3303
1052,4,562
1052,4,203
1052,4,64
1054,19,1310
1055,9,3126
1055,9,4161
1056,5,4907
1056,5,4577
1056,5,15077
1056,5,3977
1056,5,15091
1056,5,2656
1056,5,189
1056,5,14848
1057,9,16561
1058,6,44
1059,5,652
1059,5,18749
1062,5,19
1062,5,51
1063,6,22591
1064,4,3778
1064,4,4
1066,3,3748
1066,3,1
1067,6,1924
1067,6,15352
1067,6,155
1067,6,173
1067,6,10
1070,6,235
1071,3,778
1072,4,2774
1074,9,6853
1074,9,775
1074,9,16395
1074,9,235
1075,3,19
1075,3,6
1075,3,10
1078,15,693
1080,9,3927
1080,9,16554
1082,7,19596
1082,7,19631
1082,7,21638
1084,9,13863
1085,4,3748
1086,3,1359
1087,5,417
1087,5,45
1088,11,160
1089,15,12913
1092,4,1270
1092,4,66
1093,9,73
1095,3,468
1097,7,16669
1099,3,1998
1099,3,142
1099,3,2640
1099,3,841
1099,3,61
1099,3,131
1099,3,416
1100,4,32
1100,4,647
1101,9,14782
1102,4,67
1103,6,155
1105,4,14734
1107,3,64
1108,7,16446
1108,7,16561
1110,6,21547
1110,6,1094
1112,3,62
1114,8,3021
1114,8,8432
1114,8,22321
1114,8,2532
1115,8,269
1116,11,7557
1116,11,12426
1116,11,5338
1117,3,16656
1117,3,255
1117,3,2985
1117,3,408
1118,10,16551
1120,5,20854
1122,3,7
1122,3,31
1124,3,3994
1124,3,14904
1125,8,1924
1125,8,15852
1125,8,18751
1125,8,16300
1125,8,14734
1125,8,1735
1125,8,142
1125,8,354
1125,8,272
1125,8,19031
1125,8,1
1125,8,1235
1125,8,16327
1125,8,15999
1125,8,6086
1125,8,6846
1125,8,141
1125,8,311
1125,8,184
1126,5,19211
1128,5,70
1132,5,333
1133,3,14717
1133,3,5851
1133,3,22511
1134,3,235
1136,6,232
1136,6,46
1139,3,3
1139,3,15182
1139,3,760
1139,3,34
1139,3,2776
1139,3,884
1139,3,439
1144,3,19
1144,3,47
1144,3,416
1145,3,6
1145,3,47
1145,3,416
1146,11,474
1147,5,33
1149,7,6677
1150,3,4031
1150,3,369
1152,4,359
1152,4,333
1153,6,720
1153,6,3530
1153,6,15993
1153,6,22832
1153,6,468
1153,6,5062
1153,6,210
1155,7,2136
1155,7,21507
1155,7,22605
1156,5,22270
1157,5,3130
1157,5,2173
1157,5,1295
1157,5,416
1158,5,2402
1158,5,549
1158,5,499
1158,5,7547
1158,5,92
1158,5,135
1158,5,2348
1160,7,110
1160,7,33
1160,7,723
1161,3,957
1161,3,2684
1161,3,22467
1161,3,2998
1162,11,16404
1163,4,58
1167,5,830
1167,5,8044
1167,5,1402
1167,5,336
1168,7,14766
1173,4,2981
1175,5,3004
1175,5,2958
1175,5,781
1175,5,2900
1175,5,119
1177,5,126
1178,5,22735
1179,3,250
1179,3,253
1179,3,59
1179,3,1937
1179,3,713
1180,6,317
1180,6,3201
1181,7,4505
1181,7,2037
1182,3,416
1182,3,10
1184,5,1998
1185,7,6791
1185,7,1876
1185,7,16451
1185,7,16450
1185,7,23017
1185,7,2579
1186,7,5338
1190,4,3004
1191,6,8219
1191,6,2
1192,4,468
1193,4,1495
1194,5,9542
1197,4,2148
1198,16,16661
1200,3,2774
1201,9,22792
1201,9,7948
1201,9,19055
1201,9,347
1201,9,627
1201,9,102
1201,9,76
1201,9,2052
1201,9,27
1202,3,2707
1204,3,15157
1205,4,77
1206,6,3320
1206,6,1204
1207,4,118
1210,4,1794
1212,6,4811
1212,6,18
1212,6,2015
1215,11,15743
1216,8,6996
1227,3,3004
1227,3,2958
1227,3,250
1227,3,232
1229,3,360
1229,3,253
1229,3,2321
1232,4,596
1235,3,235
1240,16,239
1240,16,2531
1241,16,761
1243,4,67
1245,7,1341
1245,7,2917
1245,7,153
1246,4,1094
1247,6,1459
1248,5,4901
1249,5,957
1249,5,1786
1250,4,19190
1250,4,19195
1250,4,18451
1251,10,2136
1251,10,371
1251,10,5566
1256,5,359
1256,5,94
1256,5,142
1257,16,371
1258,3,18751
1259,6,2136
1259,6,10084
1259,6,697
1259,6,3227
1259,6,13
1259,6,61
1259,6,14190
1259,6,1977
1259,6,14189
1259,6,1357
1259,6,14564
1259,6,18
1259,6,408
1259,6,6361
1259,6,1273
1259,6,14421
1260,9,250
1260,9,253
1260,9,77
1262,4,2072
1263,7,1111
1263,7,171
1266,9,2115
1267,3,47
1267,3,2958
1267,3,781
1267,3,253
1267,3,232
1267,3,59
1267,3,468
1267,3,713
1269,11,88
1270,3,142
1271,6,107
1274,3,1196
1274,3,333
1274,3,6217
1276,4,18940
1276,4,6086
1277,37,326
1277,37,18280
1278,7,15705
1279,10,23579
1280,4,272
1280,4,302
1280,4,2136
1280,4,177
1282,3,846
1282,3,67
1285,10,1
1287,5,2640
1288,7,94
1291,4,19
1292,4,19
1293,5,8
1295,6,287
1296,13,3706
1298,3,19
1298,3,322
1299,7,6
1299,7,314
1300,6,22785
1302,3,2910
1302,3,15614
1303,7,20654
1306,4,74
1306,4,73
1307,14,73
1307,14,23482
1307,14,21396
1307,14,620
1307,14,181
1307,14,12925
1308,6,42
1309,5,61
1309,5,7
1310,3,1094
1310,3,21649
1311,22,256
1312,4,222
1312,4,19
1312,4,142
1314,4,18841
1317,4,177
1318,6,3442
1319,17,365
1320,3,2136
1320,3,46
1321,4,177
1321,4,195
1321,4,903
1321,4,322
1322,7,2365
1323,3,222
1323,3,253
1324,4,21117
1325,4,2105
1326,7,3045
1326,7,367
1327,6,94
1328,3,872
1329,3,94
1329,3,2365
1329,3,1185
1330,4,2169
1331,4,20637
1332,3,46
1333,4,2161
1333,4,66
1333,4,3094
1333,4,15528
1333,4,27
1334,14,3847
1335,6,126
1337,3,23382
1337,3,107
1337,3,27
1337,3,1342
1339,3,2900
1341,4,21596
1341,4,192
1343,4,995
1343,4,2136
1343,4,5417
1344,8,21118
1344,8,841
1345,18,14045
1347,15,4018
1348,14,2086
1349,15,222
1350,33,6797
1350,33,408
1351,23,3880
1351,23,19426
1353,14,8115
1353,14,22653
1353,14,1679
1353,14,415
1354,6,1946
1354,6,3771
1354,6,222
1354,6,713
1355,21,3575
1357,8,5285
1358,6,392
1359,5,359
1362,16,46
1363,5,197
1364,10,18149
1365,4,2724
1365,4,2740
1366,6,144
1367,36,9333
1367,36,9335
1369,84,3249
1370,6,5711
1372,22,192
1372,22,314
1374,6,3527
1375,5,12156
1376,10,6755
1376,10,9289
1377,4,107
1378,14,142
1379,5,349
1380,12,2747
1381,9,142
1381,9,858
1382,5,22365
1385,3,451
1388,5,15
1388,5,16
1388,5,4983
1388,5,58
1388,5,689
1389,7,2083
1390,4,673
1391,3,406
1391,3,357
1392,15,2136
1393,10,94
1393,10,142
1394,13,2648
1397,6,142
1399,3,307
1400,4,8
1400,4,34
1402,3,1874
1404,3,695
1405,8,126
1407,13,1866
1410,13,643
1411,31,931
1412,6,673
1414,10,727
1414,10,4862
1414,10,155
1414,10,285
1414,10,314
1414,10,417
1414,10,59
1414,10,27
1414,10,166
1415,6,576
1416,9,6456
1417,23,199
1418,3,264
1419,10,503
1420,4,1235
1421,4,3300
1422,4,222
1422,4,406
1422,4,46
1422,4,416
1423,3,18940
1424,7,1373
1425,10,419
1425,10,15997
1427,5,976
1427,5,2777
1427,5,2772
1427,5,6236
1427,5,131
1427,5,428
1428,13,73
1429,4,105
1429,4,927
1429,4,2053
1430,7,23693
1430,7,548
1431,10,173
1433,3,177
1435,3,78
1435,3,5862
1435,3,73
1435,3,357
1435,3,94
1435,3,147
1435,3,528
1435,3,858
1435,3,855
1435,3,349
1435,3,333
1435,3,107
1435,3,77
1438,4,59
1439,20,652
1440,5,5491
1441,9,61
1443,7,46
1445,10,406
1445,10,357
1447,13,4471
1449,24,5216
1450,4,20863
1452,25,3191
1453,3,15830
1454,6,18000
1455,7,4752
1455,7,81
1456,3,15708
1459,9,3442
1460,10,4900
1460,10,192
1460,10,3122
1462,4,142
1463,14,6716
1466,5,34
1467,7,47
1468,9,836
1468,9,131
1468,9,408
1468,9,392
1468,9,976
1468,9,931
1468,9,173
1468,9,5216
1469,4,102
1469,4,64
1470,9,19835
1471,3,2173
1472,6,713
1473,3,1110
1474,12,5768
1474,12,199
1474,12,2090
1474,12,858
1475,14,23200
1476,3,60
1476,3,610
1476,3,1305
1477,3,477
1478,9,415
1479,5,234
1479,5,8
1479,5,18407
1479,5,3
1479,5,21904
1479,5,271
1479,5,18488
1479,5,192
1479,5,1390
1479,5,2723
1479,5,4040
1479,5,16
1479,5,14953
1479,5,1436
1479,5,250
1479,5,232
1479,5,2640
1479,5,46
1479,5,22075
1479,5,2220
1479,5,66
1479,5,60
1479,5,32
1479,5,131
1479,5,138
1479,5,451
1479,5,2325
1479,5,1063
1479,5,18972
1479,5,107
1479,5,18378
1479,5,127
1479,5,77
1479,5,27
1479,5,11
1479,5,19036
1480,10,468
1480,10,9335
1480,10,9333
1481,13,1786
1482,6,406
1482,6,4719
1482,6,498
1482,6,5677
1483,47,3249
1484,6,473
1484,6,1343
1484,6,221
1484,6,1171
1484,6,115
1484,6,1085
1484,6,740
1484,6,84
1485,7,2083
1486,6,354
1487,3,838
1489,4,259
1489,4,57
1490,14,68
1491,8,62
1492,6,354
1493,7,359
1494,11,125
1495,12,5013
1496,20,226
1496,20,387
1497,12,94
1499,4,94
1499,4,252
1501,4,94
1503,6,673
1505,8,23635
1505,8,9289
1506,4,79
1507,13,20184
1508,7,1217
1508,7,22557
1508,7,2816
1508,7,7230
1508,7,3655
1508,7,1825
1508,7,733
1508,7,1433
1508,7,809
1508,7,22611
1508,7,1121
1508,7,2800
1508,7,18793
1508,7,264
1508,7,198
1508,7,3354
1508,7,2073
1508,7,485
1509,16,22771
1510,16,22270
1511,18,21562
1515,9,359
1516,13,125
1519,3,271
1519,3,357
1519,3,58
1520,7,116
1521,8,20323
1521,8,1542
1521,8,20098
1521,8,2680
1521,8,198
1523,4,142
1525,40,7165
1526,4,4893
1527,3,20055
1527,3,2813
1528,26,22989
1528,26,20354
1528,26,22977
1528,26,22821
1528,26,19982
1530,3,84
1530,3,193
1531,33,636
1532,3,20055
1532,3,22666
1532,3,23612
1535,4,142
1536,4,359
1536,4,687
1538,3,131
1539,9,20424
1540,5,636
1541,3,3271
1542,7,59
1542,7,462
1543,5,67
1543,5,207
1543,5,416
1544,12,188
1544,12,237
1544,12,559
1544,12,23236
1544,12,5195
1544,12,167
1544,12,19324
1544,12,4445
1544,12,22638
1546,4,359
1548,36,5590
1549,3,22905
1550,9,403
1551,4,973
1551,4,14
1552,11,7611
1552,11,5004
1553,5,22695
1553,5,30
1556,5,359
1556,5,142
1558,8,1414
1558,8,5314
1558,8,474
1560,13,636
1560,13,9754
1560,13,22769
1560,13,23021
1560,13,19852
1561,9,559
1562,3,1702
1562,3,6677
1565,5,23499
1565,5,12420
1565,5,19704
1565,5,46
1565,5,5013
1565,5,378
1565,5,77
1566,14,20070
1567,25,9354
1568,26,3457
1568,26,1439
1572,8,5254
1572,8,815
1574,4,468
1575,5,474
1575,5,22738
1576,5,6
1577,4,15874
1577,4,14761
1578,16,16373
1578,16,22251
1579,8,2813
1579,8,20070
1580,16,20198
1581,8,20863
1581,8,360
1583,3,19
1584,12,46
1584,12,20021
1584,12,213
1584,12,77
1585,14,3897
1586,17,4103
1588,5,3527
1589,5,2083
1590,8,6993
1590,8,20054
1592,5,22783
1593,15,20103
1594,7,22769
1595,20,19349
1596,5,234
1596,5,489
1596,5,6
1596,5,174
1596,5,349
1596,5,333
1596,5,2086
1596,5,607
1596,5,73
1596,5,20520
1596,5,2083
1597,30,1215
1598,4,253
1599,6,22234
1601,4,6641
1601,4,2083
1602,7,138
1603,4,1744
1604,3,8041
1604,3,6808
1604,3,18877
1604,3,1204
1605,35,20293
1606,3,639
1607,26,22929
1608,12,5606
1608,12,22818
1608,12,19482
1608,12,636
1609,10,94
1609,10,3442
1609,10,2640
1610,14,9289
1611,6,147
1612,5,738
1612,5,29
1612,5,458
1613,17,581
1614,8,2037
1617,8,23120
1618,3,23453
1620,14,20424
1620,14,714
1621,12,69
1621,12,3105
1621,12,23242
1621,12,1542
1621,12,23063
1623,5,23019
1624,7,4069
1626,5,6210
1626,5,7572
1626,5,260
1626,5,754
1626,5,397
1626,5,23719
1626,5,23720
1626,5,1027
1626,5,250
1626,5,1765
1626,5,253
1626,5,2030
1626,5,232
1626,5,778
1626,5,3516
1626,5,185
1626,5,5285
1626,5,7588
1626,5,7577
1626,5,7576
1626,5,2629
1626,5,1303
1627,4,23519
1627,4,372
1627,4,19514
1627,4,378
1628,13,20211
1628,13,636
1629,14,19944
1630,12,4162
1630,12,23236
1630,12,548
1631,36,2770
1631,36,116
1632,15,636
1633,6,23193
1634,60,554
1635,4,20402
1635,4,666
1635,4,19837
1636,4,4565
1637,3,106
1640,51,20364
1642,4,19859
1643,5,359
1644,3,22752
1645,5,652
1646,6,20456
1648,3,749
1649,11,126
1650,22,4103
1650,22,20899
1650,22,22824
1652,5,5338
1653,31,860
1654,40,8343
1655,12,316
1655,12,3271
1655,12,2141
1655,12,803
1655,12,1111
1655,12,393
1655,12,23108
1655,12,23533
1655,12,23234
1655,12,23106
1655,12,5013
1655,12,20098
1655,12,127
1655,12,6672
1656,11,860
1657,12,731
1657,12,167
1658,9,636
1659,6,1275
1659,6,22758
1659,6,1558
1659,6,15333
1661,20,22843
1662,10,19910
1662,10,23564
1662,10,1229
1663,4,7572
1663,4,2236
1663,4,8385
1663,4,754
1663,4,397
1663,4,6291
1663,4,7588
1664,44,19373
1664,44,22689
1664,44,19944
1664,44,8343
1664,44,23192
1665,6,636
1665,6,20087
1666,3,1552
1666,3,6
1667,3,357
1667,3,2930
1667,3,1296
1667,3,528
1667,3,3004
1667,3,108
1667,3,1845
1667,3,366
1667,3,475
1667,3,6918
1667,3,27
1670,3,19
1670,3,1075
1671,9,23499
1671,9,46
1671,9,1082
1671,9,20184
1671,9,1552
1671,9,420
1672,4,23231
1673,28,87
1674,3,1735
1675,5,51
1676,10,78
1676,10,10102
1676,10,94
1676,10,10104
1676,10,64
1676,10,27
1677,8,3012
1678,3,12837
1678,3,980
1679,4,402
1680,10,27
1681,10,22888
1682,3,5491
1683,10,415
1685,15,271
1686,3,4
1687,44,21036
1688,5,23612
1689,7,19284
1692,6,2084
1693,4,378
1695,11,2539
1697,21,186
1698,4,1454
1699,4,51
1699,4,1608
1699,4,3423
1700,5,2461
1701,35,20037
1701,35,19771
1702,11,126
1703,3,4308
1703,3,1727
1703,3,20019
1704,7,636
1706,5,9149
1706,5,3527
1707,3,6834
1707,3,6
1707,3,2194
1707,3,94
1707,3,142
1707,3,652
1707,3,66
1707,3,1433
1707,3,322
1707,3,412
1707,3,1980
1708,5,695
1710,6,548
1711,13,20103
1712,12,252
1715,4,3306
1715,4,203
1715,4,19417
1715,4,66
1716,4,858
1716,4,79
1717,15,1075
1718,11,116
1718,11,20184
1719,14,12
1721,3,2257
1721,3,314
1721,3,1019
1721,3,94
1722,8,1111
1723,10,22783
1723,10,3644
1723,10,23180
1725,3,976
1725,3,6236
1725,3,9581
1727,5,16
1728,7,226
1728,7,816
1728,7,1811
1728,7,592
1729,24,855
1730,3,188
1730,3,2890
1730,3,20620
1730,3,1049
1730,3,2881
1730,3,324
1730,3,79
1730,3,1219
1730,3,5164
1732,3,1092
1732,3,23029
1732,3,22889
1732,3,23573
1732,3,23024
1732,3,20143
1732,3,5332
1732,3,22801
1733,9,4896
1734,3,22517
1734,3,199
1734,3,232
1735,7,14816
1735,7,867
1736,7,2588
1736,7,6210
1736,7,1196
1736,7,32
1736,7,19961
1737,9,84
1738,14,22878
1738,14,3212
1739,30,4896
1739,30,23612
1740,33,22210
1741,18,203
1743,13,203
1745,7,117
1745,7,77
1745,7,5
1746,47,10512
1747,11,19739
1748,35,9399
1748,35,6544
1749,27,6394
1749,27,3720
1750,4,23583
1750,4,22798
1751,44,19804
1751,44,22795
1752,3,222
1753,16,23063
1756,7,1751
1757,9,2152
1759,3,17714
1761,6,841
1761,6,136
1762,5,3720
1763,3,523
1764,10,285
1764,10,737
1767,4,94
1768,3,3938
1769,6,51
1770,12,61
1770,12,295
1775,4,3442
1777,7,10094
1778,5,19
1778,5,1137
1778,5,102
1778,5,107
1779,11,66
1779,11,569
1779,11,620
1782,17,561
1782,17,1768
1783,6,6755
1783,6,9289
1785,3,42
1785,3,177
1787,13,1952
1788,5,141
1790,9,9645
1792,17,288
1794,3,16056
1797,6,503
1798,25,2174
1800,5,438
1802,8,9394
1802,8,4475
1802,8,1920
1802,8,654
1803,42,19225
1805,13,18410
1806,5,1043
1807,9,2141
1809,4,548
1813,3,142
1813,3,49
1813,3,102
1813,3,64
1813,3,107
1813,3,2083
1814,12,6672
1815,4,18749
1816,4,1785
1817,5,3271
1817,5,5131
1817,5,4613
1817,5,3212
1817,5,543
1817,5,6557
1817,5,4830
1817,5,548
1817,5,23236
1817,5,23063
1817,5,1771
1817,5,23245
1817,5,762
1817,5,20626
1817,5,1128
1817,5,22638
1817,5,21166
1817,5,2432
1817,5,19543
1819,3,462
1819,3,77
1820,5,8
1821,17,371
1823,3,199
1824,15,5410
1824,15,4893
1824,15,23178
1824,15,3397
1825,4,605
1825,4,371
1825,4,8
1826,5,34
1827,15,13
1828,15,482
1829,4,203
1830,4,49
1830,4,77
1831,6,785
1831,6,393
1831,6,324
1831,6,548
1831,6,1862
1831,6,694
1831,6,1219
1832,3,2895
1832,3,263
1836,4,195
1838,8,288
1843,3,3012
1843,3,94
1844,10,142
1845,8,838
1846,3,359
1846,3,3012
1846,3,94
1846,3,3045
1847,12,142
1849,13,19269
1849,13,6284
1849,13,20444
1849,13,20124
1850,5,64
1851,4,160
1853,3,927
1853,3,18730
1856,3,125
1857,4,3596
1859,19,49
1860,4,21118
1862,33,19293
1862,33,23610
1863,3,23235
1864,3,371
1868,35,23584
1868,35,19283
1868,35,23193
1868,35,19944
1868,35,22824
1868,35,19466
1868,35,3713
1868,35,13794
1868,35,3629
1869,3,49
1869,3,102
1870,6,21
1870,6,22121
1871,3,25
1872,3,1137
1873,3,416
1874,3,102
1875,12,23046
1875,12,814
1876,14,5340
1877,9,21036
1878,18,23584
1879,5,4682
1880,6,77
1882,4,77
1882,4,141
1884,4,7557
1885,3,22832
1886,3,2037
1887,12,21036
1891,7,14766
1892,3,1204
1892,3,190
1892,3,144
1893,11,526
1893,11,20150
1893,11,360
1893,11,4776
1893,11,4805
1893,11,22270
1894,16,18601
1894,16,7617
1894,16,20521
1896,3,107
1897,15,4313
1897,15,7506
1897,15,23024
1897,15,23193
1897,15,2389
1897,15,636
1897,15,20071
1898,5,22828
1899,7,19910
1899,7,23019
1900,7,2007
1900,7,16373
1900,7,22252
1900,7,22251
1900,7,1853
1900,7,383
1900,7,20889
1904,3,2965
1905,43,19795
1908,6,19541
1908,6,21039
1908,6,5
1910,5,20905
1911,10,523
1912,9,678
1914,7,9
1915,3,3927
1915,3,3926
1916,4,678
1917,3,22642
1917,3,66
1917,3,8531
1917,3,6599
1917,3,515
1918,3,94
1919,3,2037
1920,4,5444
1923,3,513
1925,3,5326
1925,3,385
1925,3,33
1927,13,19739
1929,8,19910
1931,8,66
1932,3,2148
1933,5,3746
1933,5,14922
1933,5,1196
1933,5,1303
1934,5,197
1935,3,6075
1936,5,6075
1936,5,96
1938,3,2
1938,3,17577
1940,4,1073
1941,6,2
1941,6,17577
1942,38,3589
1943,6,23042
1943,6,23138
1944,4,6210
1944,4,7572
1944,4,260
1944,4,2236
1944,4,754
1944,4,397
1944,4,1027
1944,4,250
1944,4,1765
1944,4,6291
1944,4,7588
1944,4,2629
1944,4,1034
1944,4,468
1944,4,1204
1944,4,1303
1945,4,357
1945,4,662
1946,7,22991
1946,7,20037
1946,7,20228
1947,8,222
1950,23,468
1951,23,22690
1952,7,2174
1952,7,8170
1955,7,8
1956,4,357
1956,4,659
1958,3,3771
1958,3,66
1958,3,392
1958,3,569
1959,4,3
1959,4,3939
1959,4,487
1959,4,73
1959,4,75
1959,4,74
1959,4,173
1959,4,117
1959,4,23482
1959,4,1072
1959,4,59
1959,4,131
1959,4,428
1960,4,18940
1960,4,15918
1962,14,6842
1962,14,2430
1965,3,197
1969,4,19
1969,4,3706
1969,4,392
1970,6,3771
1971,9,23611
1972,3,20021
1972,3,23582
1972,3,1580
1972,3,22995
1972,3,2432
1972,3,10036
1974,4,860
1974,4,19774
1974,4,23516
1974,4,23582
1974,4,1542
1974,4,23525
1974,4,263
1974,4,13421
1974,4,1495
1975,3,23108
1975,3,21166
1975,3,2432
1976,8,5338
1977,62,1401
1978,3,201
1979,25,636
1979,25,20196
1980,4,23746
1981,3,192
1982,6,22991
1982,6,1569
1982,6,23611
1982,6,19293
1982,6,23002
1982,6,4897
1982,6,6275
1982,6,20124
1982,6,23019
1982,6,7545
1982,6,22795
1982,6,23144
1985,7,7885
1985,7,66
1986,5,927
1987,8,1171
1987,8,1679
1987,8,415
1987,8,412
1989,6,1162
1989,6,20325
1990,3,23482
1991,5,836
1992,3,976
1992,3,155
1994,10,849
1995,9,6117
1996,4,7428
1997,4,20689
1999,3,2651
2000,3,144
2001,3,17579
2002,13,127
2003,3,678
2004,3,6808
2004,3,2419
2004,3,1298
2004,3,28
2004,3,437
2005,12,38
2005,12,19645
2006,10,331
2007,35,20037
2008,38,21484
2010,6,1558
2011,4,5575
2012,4,9
2013,11,65
2013,11,3282
2013,11,1678
2015,16,855
2015,16,436
2016,13,1342
2017,34,22803
2017,34,12577
2017,34,4896
2018,4,2
2019,7,3249
2022,11,22890
2023,7,18747
2025,8,102
2027,8,576
2028,3,547
2028,3,2037
2028,3,360
2028,3,76
2028,3,2012
2029,3,662
2030,22,49
2031,10,335
2032,18,6688
2033,7,1390
2034,12,6688
2035,19,606
2036,13,20895
2038,22,32
2039,11,693
2040,6,1672
2041,10,4896
2042,21,99
2043,21,1659
2044,21,648
2045,10,438
2046,3,20054
2046,3,23138
2047,21,2076
2048,5,416
2048,5,2
2048,5,5299
2050,5,113
2050,5,5045
2051,3,79
2051,3,20184
2053,3,758
2054,7,510
2055,3,174
2055,3,66
2056,15,23564
2057,4,1214
2060,5,849
2061,8,20852
2062,5,4212
2063,17,416
2064,3,19327
2065,8,3024
2066,7,564
2066,7,428
2066,7,1518
2067,10,22376
2068,8,6123
2068,8,131
2069,4,306
2069,4,809
2070,4,27
2072,8,416
2072,8,1668
2073,3,2525
2073,3,1294
2074,4,20381
2074,4,855
2074,4,18012
2075,7,528
2075,7,222
2077,3,229
2077,3,804
2078,6,274
2078,6,5584
2078,6,27
2081,17,1267
2082,31,3306
2083,62,1439
2084,9,1555
2084,9,1998
2085,6,6594
2086,9,64
2087,32,17681
2088,5,1175
2089,11,576
2092,3,44
2092,3,20137
2092,3,1217
2092,3,277
2092,3,4344
2092,3,22906
2092,3,200
2092,3,23088
2092,3,19705
2093,6,62
2093,6,6239
2093,6,16984
2093,6,102
2095,9,222
2095,9,61
2095,9,115
2096,24,19314
2097,8,659
2098,5,8209
2098,5,313
2098,5,5667
2100,5,61
2102,4,3
2103,19,2083
2103,19,1356
2104,26,192
2104,26,131
2105,9,3171
2106,6,112
2107,6,20280
2108,4,19853
2108,4,841
2109,13,177
2111,13,188
2113,4,451
2113,4,402
2114,3,908
2115,3,462
2115,3,19327
2116,4,983
2118,6,419
2119,7,8
2121,4,9634
2121,4,1855
2121,4,3265
2122,3,39
2123,4,21
2124,4,761
2125,12,1196
2126,16,20293
2128,4,849
2129,5,117
2130,7,4897
2130,7,20124
2131,4,5392
2134,4,7333
2135,7,764
2135,7,3783
2135,7,9335
2135,7,16280
2137,3,1711
2137,3,416
2140,6,4294
2141,3,177
2143,3,4204
2145,3,23046
2147,34,333
2148,3,353
2148,3,841
2148,3,38
2149,4,177
2151,5,23581
2151,5,22769
2153,8,18012
2154,13,581
2155,7,608
2155,7,18151
2155,7,1630
2155,7,15275
2156,3,2895
2158,11,22210
2159,3,10
2160,4,8
2160,4,6092
2161,3,18940
2162,15,428
2163,17,18329
2164,4,1182
2164,4,64
2165,6,713
2165,6,576
2166,13,22507
2166,13,4724
2166,13,503
2166,13,4635
2167,3,5906
2168,3,20692
2168,3,82
2170,7,2239
2170,7,1204
2171,6,516
2172,3,77
2173,4,1998
2174,6,547
2174,6,2007
2175,3,6
2176,12,22
2177,22,22557
2177,22,19
2177,22,2680
2178,14,4475
2179,5,1204
2180,4,360
2183,4,9633
2187,19,240
2189,3,60
2189,3,855
2190,3,576
2192,6,416
2194,8,7897
2195,6,6510
2196,7,358
2196,7,2640
2198,3,34
2198,3,124
2200,4,77
2202,22,1989
2203,3,122
2203,3,728
2203,3,124
2203,3,1485
2204,3,77
2204,3,728
2205,9,6755
2206,9,253
2206,9,232
2207,5,15026
2207,5,7572
2207,5,2236
2207,5,8385
2207,5,6291
2208,5,7572
2208,5,260
2210,4,18274
2215,4,1092
2215,4,23584
2215,4,4601
2215,4,23573
2215,4,22808
2215,4,20915
2215,4,20211
2215,4,22821
2215,4,19822
2215,4,19946
2217,4,8
2217,4,77
2221,32,795
2222,37,5962
2222,37,195
2223,14,139
2223,14,868
2224,3,272
2227,7,8
2228,8,272
2229,10,293
2230,5,333
2231,3,830
2231,3,59
2232,14,1523
2232,14,94
2232,14,171
2234,6,6202
2234,6,15
2234,6,7143
2234,6,72
2234,6,15860
2234,6,65
2235,5,58
2235,5,61
2236,10,5
2236,10,4635
2238,13,18280
2239,44,1217
2240,6,936
2241,8,5939
2241,8,124
2241,8,195
2241,8,118
2243,4,768
2244,5,1485
2244,5,34
2245,8,115
2245,8,2315
2246,4,416
2247,5,34
2250,3,2037
2250,3,400
2254,13,3442
2255,30,1411
2256,3,2864
2259,6,18012
2260,14,2084
2262,26,2635
2263,53,5610
2265,8,22471
2265,8,9133
2266,44,2767
2267,4,9135
2267,4,9542
2267,4,841
2268,13,5667
2268,13,7
2269,4,107
2270,8,222
2271,4,14580
2272,3,316
2272,3,102
2273,8,8420
2275,6,5534
2276,27,5653
2276,27,7908
2277,7,22591
2278,3,1485
2280,6,32
2283,9,9754
2283,9,22828
2283,9,4315
2285,3,43
2286,4,1431
2286,4,10699
2286,4,38
2286,4,14589
2286,4,118
2287,10,66
2288,5,18000
2289,7,1085
2289,7,4719
2289,7,576
2291,24,1102
2293,3,77
2294,3,6641
2294,3,272
2295,3,38
2295,3,1667
2296,6,2136
2296,6,6735
2296,6,2881
2296,6,185
2297,3,349
2297,3,333
2298,3,12782
2299,3,42
2300,3,728
2301,11,628
2301,11,3541
2301,11,5470
2302,3,8
2303,24,66
2304,16,645
2305,4,22749
2307,8,174
2307,8,2005
2307,8,27
2307,8,57
2308,8,3306
2311,3,43
2312,5,234
2312,5,2083
2313,3,1485
2314,14,3435
2316,43,91
2317,6,14638
2317,6,6202
2318,4,7149
2319,7,58
2319,7,343
2320,4,19258
2321,10,19783
2321,10,333
2322,6,858
2323,8,5472
2324,11,408
2325,12,3396
2327,4,8
2330,5,5768
2330,5,1026
2330,5,228
2330,5,2
2330,5,2577
2330,5,285
2330,5,64
2331,5,3969
2331,5,5184
2332,12,2062
2334,3,6057
2335,8,417
2336,3,77
2337,3,19327
2338,9,65
2338,9,19060
2339,25,9413
2339,25,9085
2339,25,19060
2340,11,269
2340,11,5610
2342,5,6806
2343,32,2559
2345,8,16
2346,9,335
2346,9,1206
2346,9,32
2347,5,2083
2348,22,3401
2349,4,17681
2350,4,5491
2351,5,253
2351,5,1062
2353,3,1679
2353,3,5577
2353,3,1537
2353,3,1042
2356,7,234
2359,7,1615
2360,8,2072
2362,6,5062
2363,5,855
2364,4,2083
2364,4,21997
2365,7,1151
2365,7,51
2367,6,8763
2367,6,28
2369,4,659
2371,4,4481
2374,7,6119
2374,7,1
2376,8,19824
2377,4,416
2377,4,102
2378,10,8489
2378,10,206
2379,4,1485
2379,4,768
2380,5,45
2381,8,8483
2382,5,9633
2383,14,10916
2383,14,2891
2383,14,8489
2384,9,3556
2385,12,8420
2385,12,8481
2386,9,0
2387,3,3
2387,3,2178
2387,3,40
2388,10,8488
2389,11,25
2390,7,9624
2390,7,5973
2391,13,3453
2392,7,8486
2393,8,6015
2394,11,8420
2395,11,25
2396,13,8401
2397,9,3476
2398,10,663
2399,9,338
2400,6,3
2400,6,8459
2400,6,283
2400,6,313
2401,20,592
2403,5,23456
2405,4,357
2405,4,811
2405,4,988
2406,5,2317
2407,5,60
2408,13,19559
2409,4,846
2410,4,2341
2411,5,328
2412,8,328
2413,10,13749
2414,7,1740
2414,7,8487
2415,12,103
2416,11,5
2417,11,328
2417,11,911
2418,9,663
2419,11,1
2420,9,5082
2421,10,5975
2422,3,663
2423,9,1735
2423,9,51
2423,9,32
2423,9,131
2424,7,2
2425,3,2178
2426,3,540
2426,3,5436
2427,5,22411
2428,7,1193
2428,7,25
2428,7,574
2428,7,194
2429,3,3476
2429,3,8489
2430,3,34
2430,3,124
2431,3,1952
2432,3,34
2433,3,6119
2433,3,365
2433,3,6403
2434,3,20847
2434,3,6630
2436,9,1966
2437,9,12426
2438,14,22821
2440,5,2549
2441,12,2528
2442,9,885
2443,6,6015
2443,6,5958
2443,6,3556
2443,6,313
2444,13,9841
2444,13,2139
2444,13,14049
2445,8,3
2445,8,8407
2446,6,153
2446,6,1623
2447,12,2128
2447,12,8502
2448,10,407
2449,7,5958
2450,12,2891
2450,12,8401
2450,12,8494
2450,12,2139
2450,12,313
2451,3,103
2452,4,1806
2452,4,328
2452,4,9633
2453,8,2891
2454,12,407
2455,11,1939
2455,11,8424
2455,11,3418
2455,11,6011
2455,11,28
2455,11,3062
2455,11,2178
2456,11,4778
2457,5,4778
2457,5,3418
2458,7,8488
2459,4,759
2460,20,1343
2463,3,1485
2464,7,61
2465,4,1075
2466,3,2037
2466,3,5286
2467,5,1659
2467,5,6510
2468,7,474
2470,7,3116
2470,7,1
2471,8,811
2472,5,841
2473,3,155
2473,3,19
2473,3,173
2473,3,117
2473,3,3706
2473,3,392
2473,3,5
2474,4,185
2475,4,75
2476,3,22521
2477,4,13
2478,19,761
2479,7,8424
2479,7,8420
2480,8,844
2481,9,2528
2482,11,1195
2483,11,8483
2484,6,528
2485,6,3556
2485,6,6015
2485,6,8483
2486,9,55
2487,28,1098
2489,3,23583
2489,3,20037
2489,3,22820
2489,3,3720
2489,3,23004
2490,10,2139
2491,12,2065
2492,8,88
2492,8,2528
2492,8,1696
2493,10,1406
2494,11,3476
2495,9,3118
2496,10,5753
2497,4,17433
2499,3,1485
2501,8,314
2501,8,8461
2501,8,1260
2502,16,22666
2502,16,13794
2503,3,639
2503,3,107
2505,3,1786
2506,8,3453
2506,8,663
2507,9,5436
2508,3,471
2510,3,8457
2510,3,3014
2511,7,227
2512,7,283
2514,8,20863
2514,8,2037
2514,8,15333
2515,7,3240
2516,11,2178
2517,3,6287
2518,9,398
2519,10,976
2520,6,328
2520,6,0
2521,12,3442
2522,4,1998
2522,4,19
2523,13,2450
2524,8,1459
2525,5,360
2527,4,142
2527,4,1396
2527,4,174
2528,13,12048
2528,13,22747
2531,4,89
2531,4,2740
2531,4,5062
2531,4,468
2532,3,33
2533,6,23281
2534,8,18730
2535,14,253
2538,4,862
2539,3,2037
2539,3,6588
2539,3,1204
2540,12,1589
2541,23,3219
2543,3,23579
2544,3,727
2545,6,354
2550,12,1939
2550,12,6203
2551,9,17205
2551,9,8486
2552,10,885
2553,5,9624
2553,5,4225
2553,5,0
2554,5,25
2555,13,5436
2556,7,2178
2557,8,1
2558,8,3014
2559,13,88
2560,11,221
2561,9,2
2562,15,1
2562,15,5426
2562,15,3833
2566,4,667
2567,4,21774
2567,4,171
2567,4,260
2567,4,6339
2567,4,354
2567,4,676
2567,4,20369
2567,4,20635
2567,4,20636
2567,4,20634
2567,4,22633
2567,4,2246
2567,4,286
2567,4,3075
2567,4,693
2567,4,373
2568,5,2554
2569,6,14767
2570,3,8786
2570,3,5677
2570,3,6583
2572,11,19869
2572,11,1836
2573,3,8613
2574,7,656
2576,27,295
2577,15,994
2578,4,333
2578,4,727
2578,4,846
2579,3,78
2579,3,349
2579,3,94
2579,3,22938
2579,3,201
2579,3,416
2580,15,188
2580,15,9047
2581,3,1471
2581,3,850
2581,3,3163
2581,3,261
2582,5,1006
2585,12,18
2587,22,9181
2588,3,34
2592,4,94
2593,7,8581
2593,7,49
2595,20,809
2596,5,1175
2596,5,155
2596,5,809
2599,12,3605
2599,12,2321
2599,12,253
2599,12,232
2599,12,944
2600,4,8853
2600,4,537
2602,4,5975
2602,4,2
2603,14,885
2603,14,29
2604,5,272
2604,5,4
2605,3,23117
2605,3,5088
2605,3,23118
2606,24,4580
2607,6,1258
2609,27,1573
2610,3,3184
2611,4,2037
2611,4,6876
2612,11,78
2613,8,3033
2614,46,6835
2615,6,3184
2615,6,59
2616,3,1204
2616,3,6588
2617,11,66
2618,6,253
2619,45,63
2620,15,809
2621,3,3938
2623,7,361
2624,5,7194
2626,6,574
2627,9,3556
2627,9,911
2628,4,405
2629,12,32
2631,16,9766
2631,16,9181
2633,7,9181
2635,4,2173
2636,8,204
2637,11,75
2638,7,455
2639,34,961
2640,3,400
2641,5,147
2642,74,9058
2644,3,10
2644,3,392
2644,3,77
2645,20,9193
2646,6,8459
2646,6,6287
2648,32,3446
2649,4,155
2651,6,21554
2651,6,144
2652,8,1154
2655,5,9247
2656,3,251
2657,4,124
2659,4,104
2661,12,63
2661,12,9046
2661,12,1263
2664,14,6677
2665,3,5062
2667,3,177
2668,7,1105
2669,9,1560
2670,4,9614
2671,7,314
2671,7,142
2671,7,253
2675,7,210
2676,7,250
2676,7,59
2677,5,1679
2677,5,468
2678,6,6677
2679,30,68
2679,30,9152
2681,4,33
2684,3,5338
2685,4,22100
2687,3,2037
2688,4,3370
2689,6,232
2690,3,76
2691,6,22270
2692,9,2419
2693,4,1531
2693,4,2173
2694,13,419
2695,7,357
2696,5,2895
2696,5,39
2697,3,9761
2700,3,400
2701,3,22828
2701,3,23580
2701,3,9417
2701,3,23028
2701,3,19988
2701,3,2653
2701,3,20054
2701,3,19725
2701,3,3720
2701,3,22798
2701,3,4556
2701,3,827
2701,3,19822
2701,3,23025
2701,3,3723
2701,3,19991
2701,3,19946
2701,3,19771
2701,3,22801
2701,3,3629
2702,4,415
2705,3,427
2707,11,4719
2709,3,250
2709,3,7572
2709,3,260
2709,3,1027
2709,3,1765
2709,3,7588
2712,5,2037
2712,5,21928
2712,5,21964
2713,3,51
2715,3,361
2716,4,8
2717,9,18
2717,9,1314
2718,3,468
2720,8,718
2723,3,1060
2723,3,4126
2724,13,3257
2725,4,16109
2726,3,371
2726,3,77
2727,5,309
2729,3,1433
2730,22,9181
2732,6,1183
2734,14,5317
2735,3,34
2735,3,3971
2735,3,18012
2738,9,283
2739,7,611
2739,7,2675
2741,3,468
2742,3,4166
2743,4,8
2744,7,455
2745,5,2038
2746,3,253
2747,3,20061
2747,3,288
2747,3,184
2748,5,8
2749,5,18
2752,7,1679
2753,10,23281
2754,16,2076
2755,3,879
2756,6,618
2758,11,2558
2760,7,5
2761,9,22485
2761,9,15824
2762,3,32
2764,14,9108
2766,17,1793
2767,3,38
2768,4,67
2770,31,266
2772,6,1330
2773,3,38
2774,10,9690
2775,9,7572
2776,7,1233
2776,7,5062
2779,7,46
2780,4,23540
2780,4,82
2782,4,540
2782,4,77
2783,4,3031
2783,4,3026
2783,4,416
2783,4,3694
2784,18,1454
2784,18,17722
2786,3,2906
2787,7,226
2788,6,60
2788,6,22758
2789,18,22372
2789,18,22350
2789,18,5301
2790,4,1998
2790,4,3442
2790,4,468
2791,7,22507
2791,7,4724
2791,7,4719
2791,7,576
2791,7,1175
2791,7,4635
2795,4,2640
2797,10,7944
2799,4,23003
2800,3,250
2801,7,147
2801,7,111
2801,7,250
2801,7,473
2801,7,323
2801,7,253
2801,7,2349
2801,7,1154
2802,4,1092
2802,4,22823
2802,4,23025
2802,4,1401
2803,3,2677
2805,4,1196
2805,4,147
2805,4,59
2806,3,253
2810,24,2823
2810,24,1765
2810,24,12026
2811,3,19
2811,3,333
2812,4,250
2812,4,8540
2812,4,655
2813,3,5059
2813,3,650
2813,3,897
2813,3,359
2813,3,94
2816,5,9843
2818,5,1105
2819,4,1105
2820,5,1105
2821,4,33
2821,4,15333
2822,6,139
2823,13,19195
2823,13,18451
2824,4,227
2825,15,1589
2826,3,477
2827,8,4331
2828,8,77
2828,8,5326
2829,21,2823
2829,21,23069
2829,21,877
2830,3,19910
2833,8,22818
2834,8,19927
2835,3,23584
2835,3,4601
2835,3,8164
2837,6,20103
2837,6,23583
2837,6,23573
2840,11,6939
2842,22,1610
2843,3,78
2843,3,858
2843,3,232
2843,3,46
2843,3,5314
2843,3,4719
2843,3,576
2843,3,1175
2844,19,1026
2845,10,16093
2845,10,720
2845,10,22270
2845,10,2936
2845,10,5062
2847,3,2691
2847,3,370
2848,5,20032
2848,5,11
2850,4,23584
2850,4,1750
2850,4,20228
2851,3,1436
2851,3,5326
2852,3,20898
2853,3,9479
2853,3,322
2855,8,7696
2858,12,9726
2858,12,795
2859,3,120
2861,3,7966
2863,14,3865
2865,16,27
2866,7,462
2868,3,5286
2868,3,3296
2869,3,22832
2869,3,22210
2870,4,38
2871,4,2769
2872,9,1233
2875,4,22591
2877,22,3602
2878,7,2585
2879,9,460
2879,9,2559
2879,9,198
2881,7,285
2883,4,636
2884,13,4425
2884,13,2621
2885,4,38
2887,3,77
2888,3,403
2888,3,174
2889,3,110
2889,3,6
2889,3,147
2889,3,1608
2890,11,349
2891,15,862
2892,4,233
2892,4,199
2893,4,6287
2895,13,897
2896,7,42
2896,7,9145
2897,3,10
2900,12,8170
2901,5,2166
2903,14,11924
2903,14,12048
2903,14,1925
2903,14,1751
2903,14,2360
2903,14,16280
2903,14,21987
2905,9,19243
2907,3,19
2908,5,232
2908,5,313
2910,15,5
2910,15,1739
2910,15,23200
2911,3,856
2912,3,468
2912,3,14766
2913,10,23199
2914,6,250
2915,14,1196
2916,4,250
2918,3,64
2920,4,107
2920,4,59
2920,4,6
2921,5,7545
2921,5,3865
2921,5,20237
2921,5,20211
2923,3,6630
2925,3,950
2926,6,42
2926,6,462
2926,6,4305
2926,6,9145
2929,19,2185
2930,12,815
2930,12,412
2932,5,9145
2933,4,1725
2934,14,110
2934,14,293
2936,3,802
2938,7,127
2939,3,8
2940,9,20847
2941,3,1204
2942,17,517
2942,17,81
2943,14,161
2944,37,703
2945,8,61
2946,10,5265
2947,8,237
2948,9,298
2948,9,205
2949,5,6962
2949,5,6
2949,5,205
2950,26,914
2952,15,61
2953,13,65
2953,13,3163
2954,5,2005
2955,9,7138
2957,5,3278
2957,5,2220
2958,18,862
2959,13,574
2960,14,914
2960,14,313
2962,13,27
2963,3,4471
2964,4,77
2968,3,516
2969,7,4719
2969,7,576
2969,7,1175
2972,28,14375
2973,30,1406
2974,22,7138
2975,12,6125
2976,11,1455
2977,7,2083
2978,12,22889
2978,12,22657
2979,6,6490
2979,6,10210
2982,7,703
2982,7,3278
2982,7,914
2983,21,452
2984,23,1544
2985,3,6490
2985,3,11980
2985,3,11341
2986,11,7231
2987,7,2083
2988,30,269
2989,3,5276
2989,3,15442
2990,5,4810
2991,10,6962
2992,9,4810
2992,9,3278
2993,18,26
2993,18,3772
2995,14,914
2996,6,19417
2997,10,3503
2997,10,16373
2997,10,19759
2997,10,23748
2997,10,14766
2998,3,3278
2999,16,990
3000,4,3278
3000,4,1518
3002,18,7231
3004,4,7424
3005,7,8675
3006,4,815
3006,4,3334
3006,4,7944
3008,31,7138
3010,7,703
3013,18,7138
3014,6,914
3015,18,2220
3016,5,703
3016,5,3278
3017,4,6077
3018,12,693
3019,25,9785
3020,8,576
3021,6,462
3022,3,4479
3022,3,1472
3022,3,832
3022,3,714
3022,3,74
3022,3,10
3023,5,462
3025,3,10
3026,4,7727
3027,4,2466
3028,17,1736
3029,3,636
3030,9,818
3030,9,606
3031,7,1708
3032,6,6755
3033,22,990
3034,4,51
3035,7,20897
3036,10,1341
3037,13,232
3038,4,81
3038,4,16300
3038,4,4
3038,4,18230
3038,4,6452
3039,6,576
3040,10,564
3040,10,3027
3040,10,2062
3041,16,188
3042,5,6
3043,7,4627
3044,4,6490
3045,6,207
3046,8,9145
3048,6,3004
3049,4,122
3050,5,10462
3050,5,11258
3052,4,7452
3053,5,20898
3053,5,1711
3055,3,5541
3056,6,9145
3058,10,1544
3061,4,11
3064,6,659
3065,3,846
3065,3,18102
3065,3,20180
3065,3,5205
3065,3,19055
3065,3,2640
3065,3,23409
3065,3,19056
3065,3,15462
3065,3,166
3066,13,561
3067,8,170
3067,8,7231
3068,6,213
3068,6,69
3068,6,14897
3069,5,4996
3069,5,589
3069,5,496
3069,5,654
3069,5,1854
3070,10,335
3070,10,162
3072,3,250
3072,3,1751
3072,3,950
3074,4,18972
3075,9,10336
3077,3,1751
3077,3,201
3077,3,20061
3078,5,22762
3078,5,1725
3079,3,37
3079,3,10449
3080,15,1544
3081,8,7441
3081,8,23322
3083,4,142
3084,4,139
3084,4,141
3084,4,4305
3085,7,7754
3086,5,19
3087,3,703
3087,3,107
3088,18,7231
3089,6,6
3092,18,138
3093,3,1371
3093,3,1679
3093,3,4870
3093,3,2360
3093,3,14761
3093,3,4776
3093,3,4
3093,3,5540
3093,3,9335
3093,3,9701
3093,3,2749
3093,3,717
3093,3,1797
3093,3,862
3093,3,16280
3093,3,7476
3093,3,177
3093,3,468
3093,3,5062
3094,18,2640
3095,5,1740
3096,12,174
3097,12,6939
3099,6,38
3099,6,2166
3100,20,489
3101,4,42
3102,5,659
3103,4,4203
3103,4,1282
3103,4,335
3103,4,18972
3104,3,169
3104,3,3130
3104,3,2930
3104,3,1422
3104,3,232
3104,3,3367
3104,3,164
3104,3,1837
3104,3,1204
3104,3,781
3104,3,475
3105,3,3291
3105,3,46
3105,3,1472
3106,5,7528
3108,8,2012
3108,8,764
3109,5,7138
3111,4,3587
3112,12,2416
3112,12,0
3113,3,328
3113,3,586
3113,3,8407
3114,5,232
3115,4,19247
3115,4,670
3115,4,186
3115,4,853
3116,4,110
3118,4,23573
3118,4,2461
3119,4,269
3119,4,639
3121,4,46
3121,4,6
3122,7,5955
3122,7,2958
3122,7,336
3122,7,596
3122,7,108
3122,7,1937
3124,4,1786
3125,6,7149
3125,6,51
3125,6,7080
3125,6,2083
3126,7,4827
3126,7,5093
3126,7,9499
3126,7,9589
3129,11,3004
3130,5,3004
3132,6,2450
3138,3,2174
3139,9,64
3140,6,2000
3141,6,1679
3143,9,1937
3143,9,1845
3144,3,222
3144,3,306
3144,3,1668
3144,3,6688
3144,3,192
3144,3,2466
3144,3,293
3145,4,20847
3145,4,195
3146,4,246
3146,4,59
3147,3,415
3147,3,20150
3148,3,1633
3149,3,222
3149,3,12658
3149,3,16
3150,5,125
3151,3,832
3151,3,714
3151,3,10
3151,3,77
3152,4,4056
3154,4,3272
3156,3,768
3157,3,174
3157,3,61
3157,3,451
3157,3,18972
3157,3,264
3157,3,2740
3157,3,57
3158,3,205
3158,3,1544
3159,7,1214
3160,6,19218
3161,6,60
3163,26,20520
3164,5,77
3165,4,246
3165,4,2051
3166,3,1422
3167,10,639
3168,3,1569
3168,3,19757
3169,4,6688
3169,4,38
3169,4,64
3170,9,176
3171,5,6077
3174,4,1461
3174,4,199
3175,4,23078
3176,3,5235
3176,3,21
3177,3,673
3178,8,980
3179,3,2958
3180,4,77
3181,4,3586
3181,4,1834
3181,4,2769
3182,3,59
3183,4,7572
3183,4,260
3183,4,648
3183,4,1034
3183,4,468
3183,4,1204
3184,12,94
3186,5,19589
3186,5,3037
3186,5,2983
3186,5,125
3186,5,416
3186,5,10
3187,4,312
3187,4,1373
3187,4,19
3187,4,51
3188,4,797
3188,4,841
3188,4,555
3188,4,77
3191,3,14767
3191,3,23627
3192,4,3278
3193,9,16
3194,4,1603
3196,10,2866
3199,19,22823
3199,19,8171
3199,19,8039
3200,3,23106
3200,3,79
3200,3,1176
3201,3,199
3201,3,3878
3201,3,2877
3201,3,7080
3202,5,1342
3202,5,102
3202,5,64
3202,5,142
3203,12,2525
3203,12,358
3205,6,77
3206,5,12468
3206,5,3520
3206,5,136
3206,5,12754
3206,5,127
3209,6,408
3210,5,12075
3211,3,20847
3211,3,77
3212,5,6
3214,10,576
3217,4,184
3219,3,1092
3219,3,2461
3220,9,19886
3220,9,19910
3220,9,20198
3220,9,9170
3220,9,3779
3220,9,3865
3220,9,1759
3220,9,19942
3221,3,316
3221,3,1176
3222,3,51
3222,3,10
3222,3,2083
3223,3,19925
3224,9,20897
3225,3,5265
3225,3,7231
3226,6,5
3226,6,1333
3229,10,49
3229,10,22521
3230,3,555
3230,3,1176
3231,3,22762
3231,3,184
3232,4,7055
3233,3,1092
3233,3,20015
3233,3,22989
3233,3,2624
3233,3,2653
3233,3,20054
3233,3,22769
3233,3,19991
3235,3,13435
3235,3,5499
3235,3,2027
3235,3,8686
3235,3,13424
3237,6,9613
3240,5,389
3243,5,87
3243,5,528
3244,3,184
3245,6,1
3246,5,13463
3246,5,4511
3247,5,5429
3247,5,14333
3248,6,3033
3249,6,1176
3251,4,448
3252,7,1012
3252,7,3559
3254,3,5491
3255,4,806
3255,4,321
3255,4,4768
3255,4,328
3255,4,5123
3255,4,1379
3255,4,14305
3255,4,21343
3256,3,6077
3257,7,1342
3257,7,20897
3257,7,6688
3259,3,4469
3259,3,6091
3260,8,3389
3262,3,60
3263,3,23078
3267,12,700
3268,7,359
3269,17,7383
3270,3,8
3270,3,1485
3270,3,195
3271,16,2861
3273,3,21250
3274,3,51
3274,3,408
3274,3,713
3275,22,198
3275,22,13820
3277,7,36
3278,8,4331
3281,3,8
3281,3,77
3282,3,250
3282,3,3350
3284,4,487
3284,4,3442
3284,4,6177
3285,3,110
3285,3,19
3285,3,6
3285,3,47
3285,3,357
3285,3,67
3285,3,416
3285,3,10
3287,3,1751
3290,5,1942
3290,5,3274
3291,6,173
3291,6,500
3291,6,29
3291,6,1845
3291,6,1180
3291,6,2684
3291,6,2
3294,6,7411
3295,3,79
3296,7,1681
3296,7,13466
3296,7,6780
3296,7,4015
3296,7,6664
3296,7,12964
3296,7,6293
3297,10,13257
3298,3,6979
3299,7,21470
3300,7,1422
3301,4,8686
3301,4,4436
3301,4,1681
3301,4,12881
3302,7,13799
3302,7,497
3303,5,850
3303,5,444
3303,5,261
3304,3,188
3306,11,13196
3306,11,1498
3306,11,513
3307,9,6664
3309,4,525
3311,3,22833
3312,4,462
3313,15,473
3314,3,312
3314,3,3267
3315,8,2059
3315,8,1152
3318,24,1146
3318,24,1182
3319,5,22557
3319,5,2220
3319,5,198
3320,6,16
3320,6,2219
3321,3,9145
3322,9,19965
3324,3,513
3326,11,2731
3326,11,1679
3328,3,2027
3328,3,943
3329,6,2027
3330,7,13460
3331,3,190
3332,4,6177
3332,4,1358
3333,4,19
3335,7,4246
3336,9,13363
3336,9,150
3337,4,10547
3338,4,13257
3338,4,3992
3342,4,253
3343,4,51
3344,3,6664
3344,3,13205
3345,8,19190
3345,8,19195
3346,3,20608
3346,3,14162
3346,3,2012
3349,3,18972
3349,3,3504
3350,4,1297
3350,4,427
3351,3,13253
3352,3,4505
3354,6,19
3354,6,637
3355,6,269
3355,6,451
3355,6,410
3355,6,4065
3355,6,36
3359,4,51
3360,3,336
3360,3,2220
3360,3,78
3361,5,2090
3361,5,278
3361,5,280
3362,4,3
3362,4,19
3362,4,357
3362,4,3655
3362,4,61
3362,4,226
3362,4,733
3362,4,3315
3362,4,9755
3362,4,264
3362,4,0
3362,4,713
3363,4,1603
3367,4,26
3367,4,16
3367,4,204
3367,4,46
3367,4,415
3370,3,661
3371,8,578
3371,8,2190
3373,5,717
3373,5,2052
3374,3,195
3375,3,7276
3377,6,1005
3377,6,5059
3377,6,313
3378,3,6939
3380,8,1022
3382,4,4
3385,3,9623
3385,3,1293
3386,11,140
3386,11,335
3387,3,161
3387,3,65
3387,3,9
3387,3,7
3388,6,9623
3389,4,192
3391,4,14135
3392,5,14135
3392,5,561
3393,4,222
3393,4,1014
3393,4,2229
3393,4,124
3393,4,1505
3393,4,412
3394,7,1793
3395,5,195
3396,13,12734
3398,8,124
3400,3,13338
3401,5,227
3402,3,234
3402,3,94
3402,3,46
3402,3,416
3404,3,740
3405,4,27
3405,4,654
3405,4,31
3406,3,253
3406,3,21
3406,3,20773
3408,3,8
3410,10,14594
3411,3,280
3413,12,13287
3414,4,8768
3414,4,380
3414,4,12564
3415,3,1589
3415,3,77
3416,5,87
3418,3,77
3420,3,3575
3420,3,14767
3420,3,2317
3422,3,14725
3422,3,23606
3423,9,120
3425,6,12718
3425,6,12434
3425,6,11090
3427,5,2185
3428,3,13
3429,3,62
3429,3,272
3429,3,9
3430,6,12782
3430,6,12870
3430,6,3572
3430,6,14678
3431,13,713
3432,3,72
3433,7,4888
3433,7,7276
3433,7,11460
3434,4,1431
3436,3,250
3437,3,12434
3437,3,77
3437,3,9
3438,5,6607
3439,5,4985
3440,3,139
3441,3,293
3442,5,262
3444,3,1086
3445,7,13564
3446,5,1667
3447,11,1177
3449,3,94
3451,5,46
3452,5,2052
3453,6,4396
3454,3,59
3454,3,714
3455,4,14189
3455,4,14602
3456,4,8
3457,3,4479
3460,3,10
3461,6,67
3462,5,530
3462,5,494
3462,5,476
3463,5,250
3463,5,46
3463,5,19
3464,4,2507
3464,4,37
3464,4,11090
3465,3,1252
3465,3,10519
3465,3,23544
3465,3,12470
3465,3,1022
3465,3,609
3467,3,4888
3467,3,272
3467,3,677
3467,3,12641
3467,3,862
3467,3,9623
3467,3,72
3472,3,46
3472,3,7
3472,3,161
3473,3,222
3473,3,2507
3473,3,677
3473,3,46
3473,3,1564
3473,3,58
3473,3,72
3473,3,9623
3473,3,0
3474,3,12641
3474,3,412
3475,3,4888
3475,3,7276
3475,3,9623
3475,3,77
3476,3,2136
3476,3,124
3477,3,272
3477,3,14580
3477,3,161
3477,3,10
3478,5,19965
3479,3,22657
3479,3,13794
3479,3,20090
3480,9,310
3480,9,561
3481,8,480
3482,7,14135
3484,5,530
3484,5,494
3484,5,874
3485,4,250
3486,5,19
3487,4,530
3487,4,494
3488,3,618
3489,5,530
3489,5,494
3490,4,46
3491,8,6551
3492,3,832
3493,5,1579
3494,3,38
3495,6,416
3495,6,94
3496,3,888
3496,3,1774
3496,3,4761
3496,3,4942
3496,3,2316
3496,3,1444
3496,3,4532
3496,3,23534
3496,3,198
3496,3,512
3498,5,353
3499,5,6001
3500,3,106
3502,4,94
3503,11,253
3508,3,20315
3508,3,21354
3509,3,2136
3509,3,1431
3509,3,38
3509,3,185
3509,3,2463
3510,4,416
3511,3,87
3511,3,10
3512,4,9
3513,4,8768
3513,4,4396
3513,4,313
3514,5,1575
3516,4,19989
3516,4,2389
3517,6,1575
3517,6,4396
3519,6,7276
3522,3,5939
3523,9,7276
3523,9,37
3523,9,77
3524,4,302
3525,3,3446
3525,3,5429
3525,3,14333
3525,3,13225
3525,3,12953
3526,4,195
3527,5,19
3528,10,16093
3528,10,3530
3528,10,23083
3528,10,9335
3528,10,371
3528,10,15997
3528,10,77
3529,3,5785
3529,3,13172
3529,3,6175
3529,3,13280
3530,5,46
3531,4,1844
3531,4,14638
3534,4,46
3537,3,4479
3537,3,10
3541,5,530
3541,5,494
3541,5,476
3543,3,312
3543,3,6193
3543,3,21481
3544,6,377
3544,6,160
3544,6,10935
3545,4,2958
3545,4,2
3547,7,513
3547,7,5423
3548,7,70
3549,3,862
3550,7,4173
3551,3,3424
3551,3,637
3552,5,4248
3553,7,1252
3553,7,4
3553,7,12641
3558,5,177
3558,5,195
3559,3,21622
3562,4,87
3562,4,697
3562,4,3044
3562,4,531
3564,9,14166
3565,3,5232
3565,3,58
3565,3,5406
3565,3,302
3565,3,862
3565,3,9
3566,5,349
3569,5,3442
3570,6,5
3570,6,46
3571,5,14594
3572,7,1
3573,4,13
3574,8,5423
3574,8,4239
3575,4,13
3576,6,3559
3577,5,1375
3577,5,3389
3577,5,13223
3578,5,4992
3579,3,5
3579,3,5190
3579,3,3446
3579,3,14220
3579,3,13441
3579,3,12748
3580,12,513
3581,4,513
3581,4,693
3583,7,14568
3583,7,13819
3584,3,8
3585,3,5
3585,3,3559
3586,7,12959
3586,7,12748
3587,7,4935
3587,7,2986
3588,3,2037
3588,3,2321
3588,3,689
3588,3,862
3591,4,47
3593,5,11085
3594,4,3949
3594,4,1355
3595,7,12470
3595,7,2136
3595,7,124
3595,7,141
3595,7,177
3595,7,195
3596,6,222
3596,6,306
3596,6,72
3596,6,313
3596,6,12084
3597,5,217
3597,5,12664
3597,5,12870
3597,5,13563
3598,3,4682
3600,9,5062
3600,9,22252
3601,5,3579
3601,5,963
3602,4,46
3603,3,46
3604,3,10
3605,4,27
3606,3,46
3611,3,5349
3612,3,2136
3612,3,1818
3612,3,65
3612,3,6641
3612,3,14626
3612,3,185
3612,3,10
3612,3,412
3612,3,195
3613,3,51
3615,18,14290
3615,18,16
3615,18,14297
3615,18,3448
3616,11,2968
3616,11,5544
3616,11,23018
3616,11,172
3616,11,14238
3618,3,6920
3620,3,1485
3621,6,670
3624,3,17672
3624,3,268
3624,3,4518
3624,3,1457
3625,3,6
3625,3,94
3625,3,576
3626,5,4505
3627,3,13491
3627,3,129
3629,4,115
3629,4,1313
3629,4,94
3631,3,8
3631,3,436
3632,6,19
3634,6,19
3634,6,13491
3634,6,14283
3634,6,161
3635,5,94
3636,4,4505
3636,4,3320
3637,4,6732
3637,4,131
3637,4,576
3637,4,811
3638,5,14452
3638,5,1517
3639,3,943
3641,3,14295
3641,3,1404
3641,3,357
3641,3,6732
3641,3,94
3641,3,5289
3642,5,6
3642,5,1632
3642,5,8684
3642,5,2585
3642,5,2769
3642,5,6053
3642,5,4015
3642,5,12964
3643,3,6732
3643,3,66
3644,7,33
3645,8,5544
3649,4,12345
3651,3,26
3653,4,832
3655,3,904
3655,3,1070
3657,3,46
3658,3,13246
3659,6,6
3659,6,17612
3659,6,134
3660,3,6916
3660,3,3549
3662,4,3130
3662,4,19
3664,7,23018
3664,7,691
3664,7,1885
3664,7,335
3664,7,2399
3664,7,52
3666,3,6557
3666,3,23234
3668,22,444
3668,22,214
3668,22,255
3668,22,1510
3669,4,415
3670,3,66
3670,3,811
3673,3,9479
3675,5,13491
3675,5,63
3675,5,14299
3675,5,703
3675,5,187
3675,5,1506
3675,5,501
3676,7,226
3679,6,317
3679,6,6677
3680,5,55
3681,4,12959
3683,5,6979
3683,5,12670
3684,6,13442
3687,6,4959
3687,6,522
3688,6,13549
3688,6,366
3690,3,19
3691,4,918
3691,4,1269
3691,4,12731
3695,7,1102
3695,7,1117
3695,7,2403
3695,7,763
3698,6,11
3698,6,10
3698,6,392
3699,5,6979
3700,4,18975
3700,4,204
3701,4,20770
3702,7,3961
3703,9,54
3703,9,5785
3703,9,17669
3703,9,5544
3703,9,894
3703,9,51
3703,9,61
3703,9,1007
3703,9,855
3703,9,22362
3703,9,416
3703,9,14238
3703,9,0
3705,9,2321
3705,9,14761
3712,6,305
3713,7,14299
3713,7,2127
3713,7,343
3714,10,115
3714,10,16889
3714,10,117
3714,10,1679
3714,10,3607
3714,10,349
3714,10,548
3714,10,10
3714,10,91
3715,4,806
3715,4,4970
3716,3,1737
3717,3,3450
3717,3,12897
3718,6,3033
3718,6,3559
3722,3,13084
3722,3,1490
3724,3,13023
3725,3,742
3728,5,19
3729,4,727
3729,4,855
3732,6,19
3733,3,14290
3733,3,61
3733,3,59
3735,6,253
3736,4,38
3736,4,1342
3739,6,232
3740,4,234
3741,9,1490
3742,5,305
3742,5,480
3743,3,3572
3743,3,310
3743,3,217
3744,3,629
3745,9,204
3746,7,13491
3747,4,1017
3748,10,51
3748,10,548
3748,10,416
3749,3,14333
3750,7,0
3751,4,14767
3754,3,14295
3754,3,388
3754,3,16889
3754,3,391
3754,3,807
3754,3,1369
3754,3,53
3754,3,479
3755,5,33
3756,9,6284
3757,21,20244
3757,21,4226
3757,21,3394
3757,21,19722
3757,21,8276
3758,11,94
3758,11,3432
3759,16,13491
3759,16,14295
3759,16,2110
3759,16,253
3759,16,5079
3759,16,659
3759,16,201
3759,16,61
3759,16,59
3759,16,131
3760,7,2110
3760,7,173
3760,7,38
3761,7,6834
3762,3,4581
3762,3,13834
3762,3,522
3763,4,2061
3763,4,5356
3763,4,548
3763,4,12735
3766,14,3465
3770,3,46
3771,5,102
3772,6,3
3772,6,6
3772,6,691
3772,6,749
3772,6,398
3772,6,40
3773,11,1323
3774,6,20034
3774,6,5659
3774,6,20228
3774,6,20460
3776,4,6732
3776,4,61
3776,4,237
3776,4,335
3776,4,1381
3776,4,14238
3776,4,284
3778,3,3274
3779,3,4837
3779,3,4623
3779,3,22
3779,3,2062
3779,3,1772
3779,3,12572
3780,4,1645
3781,7,94
3781,7,14295
3781,7,357
3781,7,811
3782,3,416
3782,3,17672
3782,3,94
3784,14,87
3785,6,119
3787,6,35
3787,6,3528
3789,12,965
3793,5,2282
3793,5,13572
3793,5,12733
3794,9,6677
3796,3,14295
3797,3,1987
3797,3,13019
3799,5,13491
3799,5,14154
3799,5,491
3799,5,115
3799,5,4346
3799,5,90
3799,5,26
3799,5,66
3799,5,1016
3799,5,1885
3799,5,276
3799,5,18
3799,5,831
3799,5,12
3799,5,2
3799,5,0
3801,4,234
3803,5,561
3804,6,234
3808,11,6282
3809,3,3
3809,3,568
3809,3,3667
3810,3,1233
3811,3,17669
3811,3,357
3811,3,66
3811,3,855
3812,3,46
3812,3,232
3812,3,4479
3813,3,19
3814,8,357
3814,8,1411
3815,3,530
3815,3,494
3815,3,46
3816,4,46
3816,4,10
3817,4,530
3817,4,494
3818,3,46
3818,3,530
3818,3,77
3819,3,77
3819,3,20825
3820,19,2810
3823,3,415
3824,8,22605
3824,8,12575
3826,4,8
3830,11,61
3831,3,250
3833,6,142
3837,14,627
3841,5,198
3841,5,2562
3842,3,5356
3842,3,198
3843,3,19
3843,3,416
3845,4,1096
3847,3,1575
3847,3,4
3848,3,2141
3850,4,695
3851,4,1862
3854,5,253
3854,5,548
3854,5,561
3854,5,2047
3855,5,480
3856,3,844
3856,3,14501
3856,3,270
3856,3,18
3856,3,11
3856,3,1607
3856,3,13566
3857,3,19
3858,6,22630
3860,3,3572
3861,4,167
3863,9,4778
3865,6,1607
3866,3,11298
3867,3,809
3869,3,12732
3873,5,14283
3874,3,94
3874,3,804
3874,3,2403
3874,3,37
3874,3,576
3875,5,14135
3875,5,5737
3876,3,10
3877,4,6
3879,5,15703
3880,4,13730
3882,5,12870
3884,6,232
3885,9,10
3886,3,15789
3886,3,226
3886,3,3800
3887,13,408
3888,5,6564
3889,9,49
3891,5,1422
3891,5,232
3891,5,1472
3893,3,20820
3896,5,13784
3897,4,16
3898,4,49
3899,3,3572
3899,3,14501
3899,3,480
3900,5,177
3901,3,310
3902,4,12368
3902,4,310
3903,4,14678
3903,4,5356
3905,7,5356
3906,3,1517
3907,3,23584
3907,3,22991
3907,3,4896
3907,3,22769
3907,3,23573
3907,3,23564
3907,3,5332
3907,3,23192
3907,3,23178
3907,3,19967
3908,5,34
3909,4,20336
3911,3,253
3911,3,14211
3912,4,10811
3912,4,15705
3913,7,4601
3913,7,23583
3913,7,3720
3914,3,14135
3914,3,2282
3915,4,871
3915,4,7117
3916,5,20424
3916,5,1026
3917,12,498
3919,18,293
3920,11,348
3920,11,293
3923,4,115
3923,4,9158
3923,4,9805
3923,4,289
3923,4,2191
3925,3,1893
3925,3,313
3925,3,142
3925,3,3166
3929,3,20103
3930,15,10099
3931,18,574
3932,4,1888
3933,5,354
3933,5,272
3933,5,268
3933,5,19060
3933,5,18296
3933,5,320
3933,5,6452
3933,5,18109
3933,5,18652
3934,5,10047
3934,5,4609
3934,5,10037
3934,5,18496
3934,5,6702
3934,5,10045
3934,5,1958
3934,5,10046
3934,5,26
3934,5,11000
3934,5,858
3934,5,19873
3934,5,324
3934,5,5
3934,5,61
3934,5,1148
3934,5,1635
3934,5,36
3934,5,1442
3934,5,10051
3934,5,472
3934,5,1121
3934,5,247
3934,5,257
3934,5,6476
3934,5,823
3934,5,18559
3934,5,2873
3934,5,13875
3934,5,177
3934,5,195
3936,14,427
3938,5,8
3938,5,803
3938,5,2015
3940,8,798
3941,3,4420
3942,11,2902
3943,5,1266
3943,5,4885
3945,7,7413
3945,7,13185
3945,7,10554
3946,4,1175
3947,4,1096
3948,3,12870
3949,3,563
3949,3,5191
3949,3,436
3952,3,34
3953,10,3388
3954,4,6956
3957,5,1025
3957,5,4847
3958,5,5990
3958,5,4383
3959,3,2825
3959,3,352
3961,5,9811
3962,8,153
3962,8,333
3963,5,749
3963,5,237
3963,5,5121
3963,5,101
3963,5,15747
3964,4,3440
3964,4,864
3967,9,12620
3969,6,46
3970,7,809
3971,3,14943
3971,3,1881
3972,3,4778
3972,3,58
3973,4,188
3975,4,10666
3976,6,2
3977,3,20520
3979,5,13754
3980,5,10740
3981,8,9506
3982,7,125
3983,4,4
3983,4,10
3985,5,5816
3986,4,5417
3987,3,791
3987,3,14135
3991,4,407
3992,9,186
3994,4,389
3994,4,10797
3995,8,222
3996,3,561
3997,7,38
3998,3,198
3998,3,217
3998,3,12870
3998,3,12782
3999,6,1611
4000,3,526
4000,3,10
4003,3,6156
4003,3,16
4003,3,18982
4007,6,510
4007,6,480
4008,3,2089
4008,3,107
4009,3,4778
4009,3,58
4010,3,8
4012,3,4630
4012,3,4420
4016,6,5
4017,7,3097
4018,3,2936
4022,4,6834
4022,4,154
4022,4,21638
4022,4,162
4023,3,480
4025,5,564
4027,3,2504
4027,3,870
4030,3,389
4030,3,798
4032,3,3
4033,3,13610
4034,14,9394
4035,3,10837
4035,3,2328
4036,3,19915
4036,3,1204
4037,4,1454
4038,4,13076
4039,12,858
4040,3,5
4042,4,253
4043,3,10961
4043,3,4113
4044,3,12135
4045,3,467
4048,4,5216
4048,4,23190
4048,4,17417
4048,4,10102
4049,4,78
4049,4,416
4049,4,142
4049,4,147
4049,4,107
4051,3,13084
4051,3,13073
4051,3,14078
4051,3,198
4051,3,1768
4052,3,3128
4052,3,2953
4052,3,207
4052,3,190
4052,3,135
4052,3,423
4052,3,2923
4052,3,3149
4054,5,67
4055,3,155
4055,3,809
4055,3,64
4055,3,361
4055,3,19
4055,3,357
4055,3,1558
4055,3,147
4055,3,1489
4055,3,4568
4055,3,66
4056,5,1196
4061,5,2083
4061,5,1489
4064,4,1119
4065,3,10
4066,3,10104
4066,3,78
4070,3,416
4071,3,935
4072,4,2152
4074,8,7706
4075,7,2220
4076,4,111
4077,3,1579
4078,3,6070
4081,5,87
4081,5,6887
4082,6,1058
4082,6,1523
4083,4,809
4084,3,3890
4084,3,574
4084,3,59
4084,3,412
4086,3,6791
4086,3,61
4087,4,49
4087,4,64
4087,4,416
4090,4,59
4091,4,10449
4093,6,1684
4094,8,547
4094,8,6551
4094,8,12517
4094,8,26
4094,8,16
4094,8,1432
4094,8,2521
4094,8,1603
4095,3,25
4096,4,141
4098,3,703
4098,3,548
4101,4,643
4105,3,13032
4105,3,4201
4105,3,1987
4105,3,13022
4105,3,162
4107,3,4203
4107,3,3409
4107,3,1824
4107,3,1100
4110,3,261
4111,9,6939
4113,3,112
4113,3,161
4115,3,305
4115,3,10555
4115,3,61
4115,3,84
4118,6,3184
4118,6,1196
4119,3,1366
4120,8,3303
4121,8,648
4122,3,19
4122,3,22517
4122,3,9394
4122,3,4631
4123,7,1119
4125,3,1475
4126,4,11127
4126,4,11126
4126,4,11125
4126,4,38
4126,4,11124
4126,4,6016
4126,4,11453
4126,4,11454
4126,4,12058
4126,4,12270
4126,4,12272
4126,4,12006
4126,4,12184
4126,4,5791
4126,4,12056
4126,4,11548
4126,4,11550
4126,4,137
4126,4,11656
4126,4,11646
4126,4,11653
4126,4,2712
4126,4,12269
4126,4,1367
4126,4,12268
4126,4,12264
4126,4,11628
4126,4,11635
4126,4,12284
4126,4,12064
4126,4,11195
4126,4,12263
4126,4,12262
4126,4,1733
4126,4,925
4126,4,2085
4126,4,12271
4126,4,11685
4126,4,11692
4126,4,4950
4127,4,2013
4127,4,931
4127,4,408
4127,4,286
4127,4,77
4127,4,59
4127,4,4297
4127,4,428
4127,4,1157
4128,3,11258
4130,3,2136
4131,3,382
4133,3,11337
4136,3,112
4136,3,19369
4137,6,64
4138,3,103
4141,4,2072
4141,4,66
4141,4,119
4142,3,1757
4142,3,357
4142,3,876
4142,3,252
4144,3,46
4145,7,1659
4146,3,408
4147,3,94
4148,3,77
4150,3,11
4152,3,19
4152,3,6
4153,4,9394
4154,4,7646
4155,4,14295
4155,4,629
4155,4,10
4156,6,810
4157,4,16
4159,4,6
4161,3,2072
4162,4,11258
